/usr/bin/python3 -m maxtext.trainers.pre_train.train steps=50 dataset_type=synthetic per_device_batch_size=1 max_target_length=32 log_period=1 enable_checkpointing=false async_checkpointing=false save_checkpoint_on_completion=false enable_tensorboard=true gcs_metrics=false save_config_to_gcs=false dtype=bfloat16 weight_dtype=bfloat16 grad_dtype=float32 attention=dot_product remat_policy=full scan_layers=true skip_jax_distributed_system=true base_output_directory=/content/zenteiq_maxtext_outputs override_model_config=true base_emb_dim=1280 base_num_query_heads=20 base_num_kv_heads=10 base_mlp_dim=3840 base_num_decoder_layers=32 head_dim=128 vocab_size=151936 model_name=qwen3-0.6b run_name=dense_qwen_scaled_1b_gpu hardware=gpu

2026-06-16 13:50:57.495382: I tensorflow/core/util/port.cc:153] oneDNN custom operations are on. You may see slightly different numerical results due to floating-point round-off errors from different computation orders. To turn them off, set the environment variable `TF_ENABLE_ONEDNN_OPTS=0`.
2026-06-16 13:50:57.563727: I tensorflow/core/platform/cpu_feature_guard.cc:210] This TensorFlow binary is optimized to use available CPU instructions in performance-critical operations.
To enable the following instructions: AVX2 AVX512F AVX512_VNNI FMA, in other operations, rebuild TensorFlow with the appropriate compiler flags.
2026-06-16 13:50:59.265643: I tensorflow/core/util/port.cc:153] oneDNN custom operations are on. You may see slightly different numerical results due to floating-point round-off errors from different computation orders. To turn them off, set the environment variable `TF_ENABLE_ONEDNN_OPTS=0`.
WARNING:absl:Grain multiprocess worker profiling requires jaxlib extension version 448 or later (jaxlib >= 0.11.0). Current version: 420.
[transformers] DeepseekV32Config got `key=rope_scaling` in kwargs but hasn't set it as attribute. For RoPE standardization you need to set `self.rope_parameters` in model's config. 
W0616 13:51:05.162016 135666269119104 pyconfig.py:100] No config file provided, using default config mapping: /usr/local/lib/python3.12/dist-packages/maxtext/configs/base.yml
I0616 13:51:05.423495 135666269119104 max_utils.py:243] Skipping jax distributed system due to skip_jax_distributed_system=True flag.
I0616 13:51:05.496961    3081 pjrt_api.cc:118] GetPjrtApi was found for cuda at /usr/local/lib/python3.12/dist-packages/jax_plugins/xla_cuda12/xla_cuda_plugin.so
I0616 13:51:05.497083    3081 pjrt_api.cc:96] PJRT_Api is set for device type cuda
I0616 13:51:05.497538    3081 pjrt_api.cc:167] The PJRT plugin has PJRT API version 0.100. The framework PJRT API version is 0.100.
I0616 13:51:05.746524    3081 service.cc:154] XLA service 0x3f43f170 initialized for platform CUDA (this does not guarantee that XLA will be used). Devices:
I0616 13:51:05.746561    3081 service.cc:170]   StreamExecutor [0]: NVIDIA A100-SXM4-80GB, Compute Capability 8.0 (Driver: 13.0.0[580.82.7]; Runtime: 12.9.0; Toolkit: 12.9.0; DNN: 9.20.0)
I0616 13:51:05.747032    3081 se_gpu_pjrt_client.cc:1496] Using BFC allocator.
I0616 13:51:05.747084    3081 gpu_helpers.cc:141] XLA backend allocating 63821119488 bytes on device 0 for BFCAllocator.
I0616 13:51:05.747121    3081 gpu_helpers.cc:183] XLA backend will use up to 21273706496 bytes on device 0 for CollectiveBFCAllocator.
I0616 13:51:05.757070    3081 cuda_dnn.cc:461] Loaded cuDNN version 92000
I0616 13:51:05.757416    3081 pjrt_c_api_client.cc:182] PjRtCApiClient created.
I0616 13:51:05.757491    3081 pjrt_client.cc:569] PjRt-IFRT device count: total=1, addressable=1
I0616 13:51:05.757504    3081 pjrt_client.cc:573] Addressable PjRt-IFRT device: CudaDevice(id=0)
I0616 13:51:05.758874 135666269119104 pyconfig.py:457] Config param abort_on_inf_loss: True
I0616 13:51:05.759017 135666269119104 pyconfig.py:457] Config param abort_on_nan_loss: True
I0616 13:51:05.759063 135666269119104 pyconfig.py:457] Config param act_quantization_calibration_method: absmax
I0616 13:51:05.759101 135666269119104 pyconfig.py:457] Config param activation_dropout_for_audio: 0.0
I0616 13:51:05.759136 135666269119104 pyconfig.py:457] Config param activation_function_for_audio: gelu
I0616 13:51:05.759166 135666269119104 pyconfig.py:457] Config param activations_in_float32: False
I0616 13:51:05.759196 135666269119104 pyconfig.py:457] Config param adam_b1: 0.9
I0616 13:51:05.759227 135666269119104 pyconfig.py:457] Config param adam_b2: 0.95
I0616 13:51:05.759258 135666269119104 pyconfig.py:457] Config param adam_eps: 1e-08
I0616 13:51:05.759292 135666269119104 pyconfig.py:457] Config param adam_eps_root: 0.0
I0616 13:51:05.759333 135666269119104 pyconfig.py:457] Config param adam_weight_decay: 0.1
I0616 13:51:05.759362 135666269119104 pyconfig.py:457] Config param adamw_mask: []
I0616 13:51:05.759390 135666269119104 pyconfig.py:457] Config param add_bos: True
I0616 13:51:05.759418 135666269119104 pyconfig.py:457] Config param add_eos: True
I0616 13:51:05.759444 135666269119104 pyconfig.py:457] Config param allow_split_physical_axes: False
I0616 13:51:05.759472 135666269119104 pyconfig.py:457] Config param ar_cache_axis_order: 1,2,0,3
I0616 13:51:05.759499 135666269119104 pyconfig.py:457] Config param async_checkpointing: False
I0616 13:51:05.759526 135666269119104 pyconfig.py:457] Config param async_scheduling: False
I0616 13:51:05.759553 135666269119104 pyconfig.py:457] Config param attention: dot_product
I0616 13:51:05.759580 135666269119104 pyconfig.py:457] Config param attention_bias: False
I0616 13:51:05.759613 135666269119104 pyconfig.py:457] Config param attention_dropout_for_audio: 0.0
I0616 13:51:05.759642 135666269119104 pyconfig.py:457] Config param attention_out: RematLocation.REMAT
I0616 13:51:05.759676 135666269119104 pyconfig.py:457] Config param attention_output_dim: -1
I0616 13:51:05.759706 135666269119104 pyconfig.py:457] Config param attention_sink: False
I0616 13:51:05.759734 135666269119104 pyconfig.py:457] Config param attention_type: global
I0616 13:51:05.759763 135666269119104 pyconfig.py:457] Config param attn_logits_soft_cap: None
I0616 13:51:05.759790 135666269119104 pyconfig.py:457] Config param audio_path: 
I0616 13:51:05.759815 135666269119104 pyconfig.py:457] Config param audio_placeholder: <|audio|>
I0616 13:51:05.759841 135666269119104 pyconfig.py:457] Config param autoregressive_decode_assert: 
I0616 13:51:05.759867 135666269119104 pyconfig.py:457] Config param base_config: None
I0616 13:51:05.759894 135666269119104 pyconfig.py:457] Config param base_emb_dim: 1280
I0616 13:51:05.759921 135666269119104 pyconfig.py:457] Config param base_mlp_dim: 3840
I0616 13:51:05.759947 135666269119104 pyconfig.py:457] Config param base_moe_mlp_dim: -1
I0616 13:51:05.759973 135666269119104 pyconfig.py:457] Config param base_num_decoder_layers: 32
I0616 13:51:05.759999 135666269119104 pyconfig.py:457] Config param base_num_kv_heads: 10
I0616 13:51:05.760025 135666269119104 pyconfig.py:457] Config param base_num_query_heads: 20
I0616 13:51:05.760051 135666269119104 pyconfig.py:457] Config param base_output_directory: /content/zenteiq_maxtext_outputs
I0616 13:51:05.760077 135666269119104 pyconfig.py:457] Config param batch_size: 1
I0616 13:51:05.760104 135666269119104 pyconfig.py:457] Config param batch_split_factor: 1
I0616 13:51:05.760131 135666269119104 pyconfig.py:457] Config param beta_fast: 32
I0616 13:51:05.760157 135666269119104 pyconfig.py:457] Config param beta_slow: 1
I0616 13:51:05.760184 135666269119104 pyconfig.py:457] Config param bwd_quantization_calibration_method: absmax
I0616 13:51:05.760210 135666269119104 pyconfig.py:457] Config param capacity_factor: -1.0
I0616 13:51:05.760237 135666269119104 pyconfig.py:457] Config param cast_logits_to_fp32: True
I0616 13:51:05.760264 135666269119104 pyconfig.py:457] Config param chat_template: 
I0616 13:51:05.760290 135666269119104 pyconfig.py:457] Config param chat_template_path: 
I0616 13:51:05.760325 135666269119104 pyconfig.py:457] Config param checkpoint_conversion_fn: None
I0616 13:51:05.760353 135666269119104 pyconfig.py:457] Config param checkpoint_dir: /content/zenteiq_maxtext_outputs/dense_qwen_scaled_1b_gpu/checkpoints/
I0616 13:51:05.760392 135666269119104 pyconfig.py:457] Config param checkpoint_is_quantized: False
I0616 13:51:05.760436 135666269119104 pyconfig.py:457] Config param checkpoint_period: 10000
I0616 13:51:05.760475 135666269119104 pyconfig.py:457] Config param checkpoint_storage_concurrent_gb: 96
I0616 13:51:05.760516 135666269119104 pyconfig.py:457] Config param checkpoint_storage_target_data_file_size_bytes: 2147483648
I0616 13:51:05.760558 135666269119104 pyconfig.py:457] Config param checkpoint_storage_use_ocdbt: True
I0616 13:51:05.760599 135666269119104 pyconfig.py:457] Config param checkpoint_storage_use_zarr3: True
I0616 13:51:05.760659 135666269119104 pyconfig.py:457] Config param checkpoint_todelete_full_path: None
I0616 13:51:05.760706 135666269119104 pyconfig.py:457] Config param checkpoint_todelete_subdir: None
I0616 13:51:05.760754 135666269119104 pyconfig.py:457] Config param chips_per_vm: 4
I0616 13:51:05.760800 135666269119104 pyconfig.py:457] Config param chunk_attn_window_size: 0
I0616 13:51:05.760846 135666269119104 pyconfig.py:457] Config param collect_stack_trace: False
I0616 13:51:05.760892 135666269119104 pyconfig.py:457] Config param colocated_python_checkpointing: False
I0616 13:51:05.760938 135666269119104 pyconfig.py:457] Config param colocated_python_data_input: False
I0616 13:51:05.760984 135666269119104 pyconfig.py:457] Config param compile_topology: 
I0616 13:51:05.761030 135666269119104 pyconfig.py:457] Config param compile_topology_num_slices: -1
I0616 13:51:05.761075 135666269119104 pyconfig.py:457] Config param compile_xla_flags: 
I0616 13:51:05.761121 135666269119104 pyconfig.py:457] Config param compiled_trainstep_file: 
I0616 13:51:05.761167 135666269119104 pyconfig.py:457] Config param compute_axis_order: 0,1,2,3
I0616 13:51:05.761212 135666269119104 pyconfig.py:457] Config param constant_bound_config: []
I0616 13:51:05.761258 135666269119104 pyconfig.py:457] Config param context: RematLocation.REMAT
I0616 13:51:05.761319 135666269119104 pyconfig.py:457] Config param context_parallel_load_balance: True
I0616 13:51:05.761372 135666269119104 pyconfig.py:457] Config param context_parallel_reorder_strategy: ReorderStrategy.AUTO
I0616 13:51:05.761423 135666269119104 pyconfig.py:457] Config param context_parallel_size: 1
I0616 13:51:05.761469 135666269119104 pyconfig.py:457] Config param context_parallel_strategy: all_gather
I0616 13:51:05.761515 135666269119104 pyconfig.py:457] Config param context_sharding: context
I0616 13:51:05.761561 135666269119104 pyconfig.py:457] Config param conv_chunksize_for_audio: 500
I0616 13:51:05.761614 135666269119104 pyconfig.py:457] Config param conv_stride_for_vit: 14
I0616 13:51:05.761662 135666269119104 pyconfig.py:457] Config param convert_checkpoint_if_possible: False
I0616 13:51:05.761707 135666269119104 pyconfig.py:457] Config param cost_estimate_flops_bwd: -1
I0616 13:51:05.761753 135666269119104 pyconfig.py:457] Config param cost_estimate_flops_fwd: -1
I0616 13:51:05.761797 135666269119104 pyconfig.py:457] Config param custom_mesh: 
I0616 13:51:05.761843 135666269119104 pyconfig.py:457] Config param custom_mesh_and_rule: CustomRule.DEFAULT
I0616 13:51:05.761893 135666269119104 pyconfig.py:457] Config param d_model_for_audio: 256
I0616 13:51:05.761939 135666269119104 pyconfig.py:457] Config param data_sharding: (('data', 'stage', 'fsdp', 'fsdp_transpose', 'context', 'context_autoregressive', 'tensor', 'tensor_transpose', 'tensor_sequence', 'expert', 'autoregressive'),)
I0616 13:51:05.761994 135666269119104 pyconfig.py:457] Config param data_shuffle_seed: 0
I0616 13:51:05.762040 135666269119104 pyconfig.py:457] Config param dataset_name: c4/en:3.0.1
I0616 13:51:05.762085 135666269119104 pyconfig.py:457] Config param dataset_path: 
I0616 13:51:05.762130 135666269119104 pyconfig.py:457] Config param dataset_type: DatasetType.SYNTHETIC
I0616 13:51:05.762180 135666269119104 pyconfig.py:457] Config param dcn_autoregressive_parallelism: 1
I0616 13:51:05.762225 135666269119104 pyconfig.py:457] Config param dcn_context_autoregressive_parallelism: 1
I0616 13:51:05.762271 135666269119104 pyconfig.py:457] Config param dcn_context_parallelism: 1
I0616 13:51:05.762329 135666269119104 pyconfig.py:457] Config param dcn_data_parallelism: -1
I0616 13:51:05.762380 135666269119104 pyconfig.py:457] Config param dcn_diloco_parallelism: 1
I0616 13:51:05.762427 135666269119104 pyconfig.py:457] Config param dcn_expert_parallelism: 1
I0616 13:51:05.762473 135666269119104 pyconfig.py:457] Config param dcn_fsdp_parallelism: 1
I0616 13:51:05.762517 135666269119104 pyconfig.py:457] Config param dcn_fsdp_transpose_parallelism: 1
I0616 13:51:05.762564 135666269119104 pyconfig.py:457] Config param dcn_parallelism: [1, -1, 1, 1, 1, 1, 1, 1, 1, 1, 1, 1]
I0616 13:51:05.762619 135666269119104 pyconfig.py:457] Config param dcn_pipeline_parallelism: 1
I0616 13:51:05.762665 135666269119104 pyconfig.py:457] Config param dcn_sequence_parallelism: 1
I0616 13:51:05.762710 135666269119104 pyconfig.py:457] Config param dcn_tensor_parallelism: 1
I0616 13:51:05.762753 135666269119104 pyconfig.py:457] Config param dcn_tensor_sequence_parallelism: 1
I0616 13:51:05.762794 135666269119104 pyconfig.py:457] Config param dcn_tensor_transpose_parallelism: 1
I0616 13:51:05.762822 135666269119104 pyconfig.py:457] Config param debug: {'rl': False}
I0616 13:51:05.762853 135666269119104 pyconfig.py:457] Config param debug_converter: False
I0616 13:51:05.762880 135666269119104 pyconfig.py:457] Config param debug_sharding: False
I0616 13:51:05.762907 135666269119104 pyconfig.py:457] Config param decode_sampling_nucleus_p: -1
I0616 13:51:05.762933 135666269119104 pyconfig.py:457] Config param decode_sampling_strategy: SamplingStrategy.GREEDY
I0616 13:51:05.762963 135666269119104 pyconfig.py:457] Config param decode_sampling_temperature: 1.0
I0616 13:51:05.762991 135666269119104 pyconfig.py:457] Config param decode_sampling_top_k: 0
I0616 13:51:05.763017 135666269119104 pyconfig.py:457] Config param decoder_block: DecoderBlockType.QWEN3
I0616 13:51:05.763046 135666269119104 pyconfig.py:457] Config param decoder_layer_input: RematLocation.DEVICE
I0616 13:51:05.763074 135666269119104 pyconfig.py:457] Config param deepstack_visual_indexes_for_vit: []
I0616 13:51:05.763101 135666269119104 pyconfig.py:457] Config param degenerate_group_masking: True
I0616 13:51:05.763127 135666269119104 pyconfig.py:457] Config param dense_init_scale: 1.0
I0616 13:51:05.763154 135666269119104 pyconfig.py:457] Config param diloco_outer_lr: 0.3
I0616 13:51:05.763180 135666269119104 pyconfig.py:457] Config param diloco_outer_momentum: 0.9
I0616 13:51:05.763207 135666269119104 pyconfig.py:457] Config param diloco_sync_period: 36
I0616 13:51:05.763233 135666269119104 pyconfig.py:457] Config param distill_alpha: 0.5
I0616 13:51:05.763262 135666269119104 pyconfig.py:457] Config param distill_alpha_end: None
I0616 13:51:05.763290 135666269119104 pyconfig.py:457] Config param distill_alpha_schedule: constant
I0616 13:51:05.763327 135666269119104 pyconfig.py:457] Config param distill_beta: 0.0
I0616 13:51:05.763368 135666269119104 pyconfig.py:457] Config param distill_beta_end: None
I0616 13:51:05.763412 135666269119104 pyconfig.py:457] Config param distill_beta_schedule: constant
I0616 13:51:05.763453 135666269119104 pyconfig.py:457] Config param distill_feature_loss_type: cosine
I0616 13:51:05.763497 135666269119104 pyconfig.py:457] Config param distill_layer_indices: None
I0616 13:51:05.763543 135666269119104 pyconfig.py:457] Config param distill_student_weights_share_map: {}
I0616 13:51:05.763589 135666269119104 pyconfig.py:457] Config param distill_temperature: 1.0
I0616 13:51:05.763642 135666269119104 pyconfig.py:457] Config param distill_temperature_end: None
I0616 13:51:05.763686 135666269119104 pyconfig.py:457] Config param distill_temperature_schedule: constant
I0616 13:51:05.763731 135666269119104 pyconfig.py:457] Config param distill_weights_copy_map: {}
I0616 13:51:05.763777 135666269119104 pyconfig.py:457] Config param downsample_hidden_size_for_audio: 256
I0616 13:51:05.763822 135666269119104 pyconfig.py:457] Config param dpo_beta: 0.1
I0616 13:51:05.763869 135666269119104 pyconfig.py:457] Config param dpo_label_smoothing: 0.0
I0616 13:51:05.763916 135666269119104 pyconfig.py:457] Config param dq_reduction_steps: 0
I0616 13:51:05.763961 135666269119104 pyconfig.py:457] Config param dropout_rate: 0.0
I0616 13:51:05.764007 135666269119104 pyconfig.py:457] Config param dtype: bfloat16
I0616 13:51:05.764081 135666269119104 pyconfig.py:457] Config param dtype_mm: float32
I0616 13:51:05.764127 135666269119104 pyconfig.py:457] Config param dump_hlo: False
I0616 13:51:05.764175 135666269119104 pyconfig.py:457] Config param dump_hlo_delete_local_after: True
I0616 13:51:05.764223 135666269119104 pyconfig.py:457] Config param dump_hlo_gcs_dir: /content/zenteiq_maxtext_outputs/dense_qwen_scaled_1b_gpu/xla_dump
I0616 13:51:05.764265 135666269119104 pyconfig.py:457] Config param dump_hlo_local_dir: /tmp/xla_dump/
I0616 13:51:05.764322 135666269119104 pyconfig.py:457] Config param dump_hlo_local_module_name: jit_train_step
I0616 13:51:05.764373 135666269119104 pyconfig.py:457] Config param dump_hlo_module_name: jit_train_step
I0616 13:51:05.764420 135666269119104 pyconfig.py:457] Config param dump_hlo_upload_all: False
I0616 13:51:05.764464 135666269119104 pyconfig.py:457] Config param dump_hlo_xla_flags: --xla_dump_to=/tmp/xla_dump/ --xla_dump_large_constants --xla_dump_hlo_module_re=jit_train_step
I0616 13:51:05.764509 135666269119104 pyconfig.py:457] Config param dump_jaxpr: False
I0616 13:51:05.764554 135666269119104 pyconfig.py:457] Config param dump_jaxpr_delete_local_after: True
I0616 13:51:05.764599 135666269119104 pyconfig.py:457] Config param dump_jaxpr_gcs_dir: /content/zenteiq_maxtext_outputs/dense_qwen_scaled_1b_gpu/jaxpr_dump
I0616 13:51:05.764652 135666269119104 pyconfig.py:457] Config param dump_jaxpr_local_dir: /tmp/jaxpr_dump/
I0616 13:51:05.764698 135666269119104 pyconfig.py:457] Config param dump_step: -1
I0616 13:51:05.764744 135666269119104 pyconfig.py:457] Config param elastic_enabled: False
I0616 13:51:05.764789 135666269119104 pyconfig.py:457] Config param elastic_max_retries: 10
I0616 13:51:05.764834 135666269119104 pyconfig.py:457] Config param elastic_min_slice_count: -1
I0616 13:51:05.764880 135666269119104 pyconfig.py:457] Config param elastic_timeout_seconds: 300
I0616 13:51:05.764925 135666269119104 pyconfig.py:457] Config param emb_dim: 1280
I0616 13:51:05.764971 135666269119104 pyconfig.py:457] Config param enable_autocheckpoint: False
I0616 13:51:05.765018 135666269119104 pyconfig.py:457] Config param enable_checkpoint_cloud_logger: False
I0616 13:51:05.765063 135666269119104 pyconfig.py:457] Config param enable_checkpointing: False
I0616 13:51:05.765109 135666269119104 pyconfig.py:457] Config param enable_continuous_checkpointing: False
I0616 13:51:05.765154 135666269119104 pyconfig.py:457] Config param enable_data_shuffling: True
I0616 13:51:05.765199 135666269119104 pyconfig.py:457] Config param enable_diloco: False
I0616 13:51:05.765244 135666269119104 pyconfig.py:457] Config param enable_dp_attention: False
I0616 13:51:05.765289 135666269119104 pyconfig.py:457] Config param enable_dropout: False
I0616 13:51:05.765362 135666269119104 pyconfig.py:457] Config param enable_emergency_checkpoint: False
I0616 13:51:05.765412 135666269119104 pyconfig.py:457] Config param enable_expert_parallel: False
I0616 13:51:05.765457 135666269119104 pyconfig.py:457] Config param enable_gcp_goodput_metrics: True
I0616 13:51:05.765501 135666269119104 pyconfig.py:457] Config param enable_gcp_step_deviation_metrics: True
I0616 13:51:05.765546 135666269119104 pyconfig.py:457] Config param enable_goodput_recording: False
I0616 13:51:05.765592 135666269119104 pyconfig.py:457] Config param enable_jax_profiler: False
I0616 13:51:05.765644 135666269119104 pyconfig.py:457] Config param enable_llm_inference_pool: False
I0616 13:51:05.765690 135666269119104 pyconfig.py:457] Config param enable_model_warmup: False
I0616 13:51:05.765735 135666269119104 pyconfig.py:457] Config param enable_multi_tier_checkpointing: False
I0616 13:51:05.765780 135666269119104 pyconfig.py:457] Config param enable_nnx: False
I0616 13:51:05.765825 135666269119104 pyconfig.py:457] Config param enable_orbax_v1: False
I0616 13:51:05.765871 135666269119104 pyconfig.py:457] Config param enable_padding_causal_mask: True
I0616 13:51:05.765917 135666269119104 pyconfig.py:457] Config param enable_pathways_goodput: False
I0616 13:51:05.765963 135666269119104 pyconfig.py:457] Config param enable_prefix_caching: False
I0616 13:51:05.766007 135666269119104 pyconfig.py:457] Config param enable_rampup_batch_size: False
I0616 13:51:05.766053 135666269119104 pyconfig.py:457] Config param enable_single_controller: False
I0616 13:51:05.766098 135666269119104 pyconfig.py:457] Config param enable_single_replica_ckpt_restoring: False
I0616 13:51:05.766144 135666269119104 pyconfig.py:457] Config param enable_tensorboard: True
I0616 13:51:05.766189 135666269119104 pyconfig.py:457] Config param enable_tpu_profiling_options: False
I0616 13:51:05.766230 135666269119104 pyconfig.py:457] Config param enable_tunix_perf_metrics: False
I0616 13:51:05.766259 135666269119104 pyconfig.py:457] Config param encoder_attention_heads_for_audio: 4
I0616 13:51:05.766287 135666269119104 pyconfig.py:457] Config param encoder_ffn_dim_for_audio: 512
I0616 13:51:05.766323 135666269119104 pyconfig.py:457] Config param encoder_layers_for_audio: 2
I0616 13:51:05.766351 135666269119104 pyconfig.py:457] Config param engram: RematLocation.REMAT
I0616 13:51:05.766383 135666269119104 pyconfig.py:457] Config param engram_head_dim: 1280
I0616 13:51:05.766410 135666269119104 pyconfig.py:457] Config param engram_kernel_size: 4
I0616 13:51:05.766437 135666269119104 pyconfig.py:457] Config param engram_layers: []
I0616 13:51:05.766464 135666269119104 pyconfig.py:457] Config param engram_max_ngram_size: 3
I0616 13:51:05.766490 135666269119104 pyconfig.py:457] Config param engram_num_heads: 8
I0616 13:51:05.766516 135666269119104 pyconfig.py:457] Config param engram_seed: 0
I0616 13:51:05.766542 135666269119104 pyconfig.py:457] Config param engram_vocab_bases: []
I0616 13:51:05.766568 135666269119104 pyconfig.py:457] Config param epsilon_high: None
I0616 13:51:05.766593 135666269119104 pyconfig.py:457] Config param eval_corr_lst: False
I0616 13:51:05.766622 135666269119104 pyconfig.py:457] Config param eval_data_columns: ['text']
I0616 13:51:05.766650 135666269119104 pyconfig.py:457] Config param eval_dataset_name: c4/en:3.0.1
I0616 13:51:05.766676 135666269119104 pyconfig.py:457] Config param eval_image_column: image
I0616 13:51:05.766701 135666269119104 pyconfig.py:457] Config param eval_interval: -1
I0616 13:51:05.766727 135666269119104 pyconfig.py:457] Config param eval_make_lst: False
I0616 13:51:05.766753 135666269119104 pyconfig.py:457] Config param eval_mode: pass
I0616 13:51:05.766779 135666269119104 pyconfig.py:457] Config param eval_per_device_batch_size: 1
I0616 13:51:05.766804 135666269119104 pyconfig.py:457] Config param eval_sampling_strategy: greedy
I0616 13:51:05.766830 135666269119104 pyconfig.py:457] Config param eval_split: validation
I0616 13:51:05.766868 135666269119104 pyconfig.py:457] Config param eval_steps: -1
I0616 13:51:05.766911 135666269119104 pyconfig.py:457] Config param expansion_factor_real_data: -1.0
I0616 13:51:05.766956 135666269119104 pyconfig.py:457] Config param final_logits_soft_cap: None
I0616 13:51:05.767000 135666269119104 pyconfig.py:457] Config param first_num_dense_layers: 0
I0616 13:51:05.767045 135666269119104 pyconfig.py:457] Config param float32_gate_logits: False
I0616 13:51:05.767091 135666269119104 pyconfig.py:457] Config param float32_logits: False
I0616 13:51:05.767137 135666269119104 pyconfig.py:457] Config param float32_qk_product: False
I0616 13:51:05.767182 135666269119104 pyconfig.py:457] Config param float32_weight_sum: True
I0616 13:51:05.767228 135666269119104 pyconfig.py:457] Config param force_q_layout: False
I0616 13:51:05.767272 135666269119104 pyconfig.py:457] Config param force_unroll: False
I0616 13:51:05.767329 135666269119104 pyconfig.py:457] Config param formatting_func_kwargs: {}
I0616 13:51:05.767379 135666269119104 pyconfig.py:457] Config param formatting_func_path: 
I0616 13:51:05.767426 135666269119104 pyconfig.py:457] Config param freeze_audio_encoder_params: True
I0616 13:51:05.767471 135666269119104 pyconfig.py:457] Config param freeze_vision_encoder_params: True
I0616 13:51:05.767512 135666269119104 pyconfig.py:457] Config param fused_mlp: False
I0616 13:51:05.767558 135666269119104 pyconfig.py:457] Config param fused_qkv: False
I0616 13:51:05.767602 135666269119104 pyconfig.py:457] Config param gcs_debug_path: 
I0616 13:51:05.767654 135666269119104 pyconfig.py:457] Config param gcs_metrics: False
I0616 13:51:05.767700 135666269119104 pyconfig.py:457] Config param gdn_chunk_size: 64
I0616 13:51:05.767745 135666269119104 pyconfig.py:457] Config param gdn_conv_kernel_dim: 4
I0616 13:51:05.767790 135666269119104 pyconfig.py:457] Config param gdn_key_head_dim: 128
I0616 13:51:05.767835 135666269119104 pyconfig.py:457] Config param gdn_num_key_heads: 16
I0616 13:51:05.767881 135666269119104 pyconfig.py:457] Config param gdn_num_value_heads: 32
I0616 13:51:05.767927 135666269119104 pyconfig.py:457] Config param gdn_value_head_dim: 128
I0616 13:51:05.767970 135666269119104 pyconfig.py:457] Config param generate_padding_batch_eval: False
I0616 13:51:05.768015 135666269119104 pyconfig.py:457] Config param generate_padding_batch_train: False
I0616 13:51:05.768060 135666269119104 pyconfig.py:457] Config param generate_slice: v5e-16
I0616 13:51:05.768105 135666269119104 pyconfig.py:457] Config param generation_configs: {}
I0616 13:51:05.768150 135666269119104 pyconfig.py:457] Config param global_batch_size_to_eval_on: 1
I0616 13:51:05.768194 135666269119104 pyconfig.py:457] Config param global_batch_size_to_load: 1
I0616 13:51:05.768239 135666269119104 pyconfig.py:457] Config param global_batch_size_to_load_eval: 1
I0616 13:51:05.768284 135666269119104 pyconfig.py:457] Config param global_batch_size_to_load_increment: None
I0616 13:51:05.768344 135666269119104 pyconfig.py:457] Config param global_batch_size_to_load_start: None
I0616 13:51:05.768393 135666269119104 pyconfig.py:457] Config param global_batch_size_to_train_on: 1
I0616 13:51:05.768440 135666269119104 pyconfig.py:457] Config param global_head_dim: 0
I0616 13:51:05.768487 135666269119104 pyconfig.py:457] Config param global_num_kv_heads: 0
I0616 13:51:05.768533 135666269119104 pyconfig.py:457] Config param global_parameter_scale: 1
I0616 13:51:05.768578 135666269119104 pyconfig.py:457] Config param global_rampup_samples: 500
I0616 13:51:05.768629 135666269119104 pyconfig.py:457] Config param global_rope_max_timescale: -1
I0616 13:51:05.768675 135666269119104 pyconfig.py:457] Config param global_rope_proportion: 0.25
I0616 13:51:05.768723 135666269119104 pyconfig.py:457] Config param goodput_upload_interval_seconds: 30
I0616 13:51:05.768771 135666269119104 pyconfig.py:457] Config param grad_dtype: float32
I0616 13:51:05.768869 135666269119104 pyconfig.py:457] Config param gradient_accumulation_steps: 1
I0616 13:51:05.768919 135666269119104 pyconfig.py:457] Config param gradient_clipping_threshold: 1.0
I0616 13:51:05.768966 135666269119104 pyconfig.py:457] Config param grain_data_source_max_workers: 16
I0616 13:51:05.769013 135666269119104 pyconfig.py:457] Config param grain_eval_files: 
I0616 13:51:05.769059 135666269119104 pyconfig.py:457] Config param grain_file_type: arrayrecord
I0616 13:51:05.769105 135666269119104 pyconfig.py:457] Config param grain_num_threads: 16
I0616 13:51:05.769151 135666269119104 pyconfig.py:457] Config param grain_num_threads_eval: 16
I0616 13:51:05.769196 135666269119104 pyconfig.py:457] Config param grain_packing_type: first_fit
I0616 13:51:05.769243 135666269119104 pyconfig.py:457] Config param grain_per_worker_buffer_size: 1
I0616 13:51:05.769289 135666269119104 pyconfig.py:457] Config param grain_per_worker_buffer_size_eval: 1
I0616 13:51:05.769350 135666269119104 pyconfig.py:457] Config param grain_prefetch_buffer_size: 500
I0616 13:51:05.769397 135666269119104 pyconfig.py:457] Config param grain_prefetch_buffer_size_eval: 500
I0616 13:51:05.769443 135666269119104 pyconfig.py:457] Config param grain_ram_budget_mb: 1024
I0616 13:51:05.769490 135666269119104 pyconfig.py:457] Config param grain_shuffle_buffer_size: 100
I0616 13:51:05.769536 135666269119104 pyconfig.py:457] Config param grain_train_files: 
I0616 13:51:05.769581 135666269119104 pyconfig.py:457] Config param grain_train_mixture_config_path: 
I0616 13:51:05.769634 135666269119104 pyconfig.py:457] Config param grain_use_elastic_iterator: False
I0616 13:51:05.769680 135666269119104 pyconfig.py:457] Config param grain_worker_count: 1
I0616 13:51:05.769711 135666269119104 pyconfig.py:457] Config param grain_worker_count_eval: 1
I0616 13:51:05.769738 135666269119104 pyconfig.py:457] Config param grpo_beta: 0.08
I0616 13:51:05.769767 135666269119104 pyconfig.py:457] Config param grpo_epsilon: 0.2
I0616 13:51:05.769794 135666269119104 pyconfig.py:457] Config param hardware: gpu
I0616 13:51:05.769820 135666269119104 pyconfig.py:457] Config param hbm_utilization_vllm: 0.72
I0616 13:51:05.769848 135666269119104 pyconfig.py:457] Config param head_dim: 128
I0616 13:51:05.769874 135666269119104 pyconfig.py:457] Config param heartbeat_reporting_interval_in_seconds: 5
I0616 13:51:05.769900 135666269119104 pyconfig.py:457] Config param hf_data_dir: None
I0616 13:51:05.769926 135666269119104 pyconfig.py:457] Config param hf_eval_files: None
I0616 13:51:05.769952 135666269119104 pyconfig.py:457] Config param hf_eval_split: None
I0616 13:51:05.769978 135666269119104 pyconfig.py:457] Config param hf_name: None
I0616 13:51:05.770004 135666269119104 pyconfig.py:457] Config param hf_path: 
I0616 13:51:05.770030 135666269119104 pyconfig.py:457] Config param hf_train_files: None
I0616 13:51:05.770056 135666269119104 pyconfig.py:457] Config param hidden_size_for_vit: 1408
I0616 13:51:05.770082 135666269119104 pyconfig.py:457] Config param hide_profiler_step_metric: False
I0616 13:51:05.770107 135666269119104 pyconfig.py:457] Config param ici_autoregressive_parallelism: 1
I0616 13:51:05.770133 135666269119104 pyconfig.py:457] Config param ici_context_autoregressive_parallelism: 1
I0616 13:51:05.770159 135666269119104 pyconfig.py:457] Config param ici_context_parallelism: 1
I0616 13:51:05.770185 135666269119104 pyconfig.py:457] Config param ici_data_parallelism: 1
I0616 13:51:05.770210 135666269119104 pyconfig.py:457] Config param ici_diloco_parallelism: 1
I0616 13:51:05.770236 135666269119104 pyconfig.py:457] Config param ici_expert_parallelism: 1
I0616 13:51:05.770261 135666269119104 pyconfig.py:457] Config param ici_fsdp_parallelism: -1
I0616 13:51:05.770287 135666269119104 pyconfig.py:457] Config param ici_fsdp_transpose_parallelism: 1
I0616 13:51:05.770323 135666269119104 pyconfig.py:457] Config param ici_parallelism: [1, 1, 1, -1, 1, 1, 1, 1, 1, 1, 1, 1]
I0616 13:51:05.770352 135666269119104 pyconfig.py:457] Config param ici_pipeline_parallelism: 1
I0616 13:51:05.770378 135666269119104 pyconfig.py:457] Config param ici_sequence_parallelism: 1
I0616 13:51:05.770404 135666269119104 pyconfig.py:457] Config param ici_tensor_parallelism: 1
I0616 13:51:05.770430 135666269119104 pyconfig.py:457] Config param ici_tensor_sequence_parallelism: 1
I0616 13:51:05.770468 135666269119104 pyconfig.py:457] Config param ici_tensor_transpose_parallelism: 1
I0616 13:51:05.770511 135666269119104 pyconfig.py:457] Config param image_path: 
I0616 13:51:05.770554 135666269119104 pyconfig.py:457] Config param image_placeholder: <|image|>
I0616 13:51:05.770600 135666269119104 pyconfig.py:457] Config param image_size_for_vit: 896
I0616 13:51:05.770653 135666269119104 pyconfig.py:457] Config param indexer_head_dim: 128
I0616 13:51:05.770697 135666269119104 pyconfig.py:457] Config param indexer_loss_scaling_factor: 0.0
I0616 13:51:05.770743 135666269119104 pyconfig.py:457] Config param indexer_n_heads: 64
I0616 13:51:05.770788 135666269119104 pyconfig.py:457] Config param indexer_sparse_training: False
I0616 13:51:05.770834 135666269119104 pyconfig.py:457] Config param indexer_topk: 2048
I0616 13:51:05.770878 135666269119104 pyconfig.py:457] Config param inference_benchmark_test: False
I0616 13:51:05.770924 135666269119104 pyconfig.py:457] Config param inference_metadata_file: 
I0616 13:51:05.770968 135666269119104 pyconfig.py:457] Config param inference_microbenchmark_log_file_path: 
I0616 13:51:05.771014 135666269119104 pyconfig.py:457] Config param inference_microbenchmark_loop_iters: 10
I0616 13:51:05.771060 135666269119104 pyconfig.py:457] Config param inference_microbenchmark_num_samples: [1, 2, 3, 4, 5]
I0616 13:51:05.771108 135666269119104 pyconfig.py:457] Config param inference_microbenchmark_prefill_lengths: 64,128,256,512,1024
I0616 13:51:05.771154 135666269119104 pyconfig.py:457] Config param inference_microbenchmark_stages: prefill,generate
I0616 13:51:05.771199 135666269119104 pyconfig.py:457] Config param inference_server: MaxtextInterleavedServer
I0616 13:51:05.771246 135666269119104 pyconfig.py:457] Config param inhomogeneous_layer_cycle_interval: 1
I0616 13:51:05.771290 135666269119104 pyconfig.py:457] Config param init_weights_seed: 0
I0616 13:51:05.771350 135666269119104 pyconfig.py:457] Config param input_data_sharding_logical_axes: ['activation_embed_and_logits_batch', 'activation_norm_length']
I0616 13:51:05.771400 135666269119104 pyconfig.py:457] Config param interleave_moe_layer_step: 1
I0616 13:51:05.771446 135666269119104 pyconfig.py:457] Config param intermediate_size_for_vit: 5632
I0616 13:51:05.771491 135666269119104 pyconfig.py:457] Config param internal_compile: False
I0616 13:51:05.771537 135666269119104 pyconfig.py:457] Config param internal_compile_num_devices: -1
I0616 13:51:05.771583 135666269119104 pyconfig.py:457] Config param jax_cache_dir: ~/jax_cache
I0616 13:51:05.771635 135666269119104 pyconfig.py:457] Config param jax_debug_log_modules: 
I0616 13:51:05.771679 135666269119104 pyconfig.py:457] Config param jax_distributed_initialization_timeout: 300
I0616 13:51:05.771725 135666269119104 pyconfig.py:457] Config param jax_profiler_port: 9999
I0616 13:51:05.771771 135666269119104 pyconfig.py:457] Config param key_proj: RematLocation.REMAT
I0616 13:51:05.771819 135666269119104 pyconfig.py:457] Config param kv_cache_buffer: 256
I0616 13:51:05.771865 135666269119104 pyconfig.py:457] Config param kv_lora_rank: 512
I0616 13:51:05.771910 135666269119104 pyconfig.py:457] Config param kv_quant_axis: KvQuantAxis.HEADS_AND_DKV
I0616 13:51:05.771961 135666269119104 pyconfig.py:457] Config param kv_quant_dtype: int8
I0616 13:51:05.772008 135666269119104 pyconfig.py:457] Config param kv_wa_proj: RematLocation.REMAT
I0616 13:51:05.772054 135666269119104 pyconfig.py:457] Config param learn_to_init_mode: False
I0616 13:51:05.772100 135666269119104 pyconfig.py:457] Config param learning_rate: 3e-05
I0616 13:51:05.772150 135666269119104 pyconfig.py:457] Config param learning_rate_final_fraction: 0.1
I0616 13:51:05.772197 135666269119104 pyconfig.py:457] Config param learning_rate_schedule_steps: 50
I0616 13:51:05.772243 135666269119104 pyconfig.py:457] Config param load_balance_loss_weight: 0.0
I0616 13:51:05.772289 135666269119104 pyconfig.py:457] Config param load_checkpoint_only_once: False
I0616 13:51:05.772348 135666269119104 pyconfig.py:457] Config param load_from_prefill_dir: False
I0616 13:51:05.772394 135666269119104 pyconfig.py:457] Config param load_full_state_path: 
I0616 13:51:05.772440 135666269119104 pyconfig.py:457] Config param load_parameters_path: 
I0616 13:51:05.772486 135666269119104 pyconfig.py:457] Config param local_checkpoint_directory: 
I0616 13:51:05.772532 135666269119104 pyconfig.py:457] Config param local_checkpoint_period: 0
I0616 13:51:05.772577 135666269119104 pyconfig.py:457] Config param local_rope_max_timescale: -1
I0616 13:51:05.772626 135666269119104 pyconfig.py:457] Config param local_rope_proportion: 1.0
I0616 13:51:05.772671 135666269119104 pyconfig.py:457] Config param log_config: True
I0616 13:51:05.772718 135666269119104 pyconfig.py:457] Config param log_period: 1
I0616 13:51:05.772762 135666269119104 pyconfig.py:457] Config param logical_axis_rules: (('activation_embed_and_logits_batch', ('data', 'stage', 'fsdp', 'fsdp_transpose', 'expert')), ('activation_embed_and_logits_batch_sequence', ('data', 'stage', 'fsdp', 'fsdp_transpose', 'context', 'expert')), ('activation_vocab', ('tensor', 'tensor_transpose', 'tensor_sequence')), ('activation_vocab', ('tensor', 'tensor_transpose')), ('activation_vocab', 'tensor_sequence'), ('vocab', ('tensor', 'tensor_transpose', 'tensor_sequence', 'autoregressive')), ('embed_vocab', ('fsdp', 'fsdp_transpose', 'context', 'expert')), ('activation_batch_attn', ('data', 'fsdp', 'fsdp_transpose', 'expert')), ('activation_heads', ('tensor', 'tensor_transpose', 'tensor_sequence', 'autoregressive')), ('activation_kv_heads', ('tensor', 'tensor_transpose', 'tensor_sequence')), ('activation_length_attn', ('context',)), ('activation_q_length', ('context',)), ('activation_kv_length', ()), ('activation_embed_attn', ('tensor', 'tensor_transpose')), ('activation_kv', ('tensor', 'tensor_transpose', 'tensor_sequence')), ('activation_kv_batch', ('data', 'fsdp', 'fsdp_transpose', 'expert')), ('activation_kv_head_dim', ('tensor', 'tensor_transpose', 'tensor_sequence')), ('heads', ('tensor', 'tensor_transpose', 'tensor_sequence', 'autoregressive')), ('q_heads', ('tensor', 'tensor_transpose', 'tensor_sequence', 'autoregressive')), ('kv_heads', ('tensor', 'tensor_transpose', 'tensor_sequence', 'autoregressive')), ('qkv', ()), ('kv', ()), ('kv_head_dim', ()), ('q_lora', ('fsdp', 'fsdp_transpose', 'context', 'tensor_transpose', 'expert')), ('q_lora', ('fsdp', 'context', 'tensor_transpose', 'expert')), ('q_lora', ('fsdp', 'fsdp_transpose', 'context', 'expert')), ('q_lora', ('fsdp', 'context', 'expert')), ('q_lora_up_proj', ()), ('kv_lora', ('fsdp', 'fsdp_transpose', 'context', 'tensor_transpose', 'expert')), ('kv_lora', ('fsdp', 'context', 'tensor_transpose', 'expert')), ('kv_lora', ('fsdp', 'fsdp_transpose', 'context', 'expert')), ('kv_lora', ('fsdp', 'context', 'expert')), ('kv_lora_up_proj', ()), ('activation_batch_moe', ('data', 'fsdp', 'fsdp_transpose')), ('activation_length_moe', ('context',)), ('activation_norm_length_moe', ('tensor_sequence', 'context')), ('activation_embed_moe', ('tensor', 'tensor_transpose')), ('activation_mlp_moe', ('tensor', 'tensor_transpose', 'tensor_sequence')), ('activation_exp', ('expert',)), ('exp', 'expert'), ('mlp_moe', ('fsdp_transpose', 'tensor', 'tensor_sequence', 'autoregressive')), ('embed_moe', ('fsdp', 'fsdp_transpose', 'tensor_transpose', 'context')), ('embed_moe', ('fsdp', 'tensor_transpose', 'context')), ('embed_moe', ('fsdp', 'fsdp_transpose', 'context')), ('embed_moe', ('fsdp', 'context')), ('activation_mlp', ('tensor', 'tensor_transpose', 'tensor_sequence')), ('activation_batch', ('data', 'fsdp', 'fsdp_transpose', 'expert')), ('activation_length', ('context',)), ('activation_norm_length', ('tensor_sequence', 'context')), ('activation_embed', ('tensor', 'tensor_transpose')), ('activation_stage', 'stage'), ('mlp', ('fsdp_transpose', 'tensor', 'tensor_sequence', 'autoregressive')), ('embed', ('fsdp', 'fsdp_transpose', 'tensor_transpose', 'context', 'expert')), ('embed', ('fsdp', 'tensor_transpose', 'context', 'expert')), ('embed', ('fsdp', 'fsdp_transpose', 'context', 'expert')), ('embed', ('fsdp', 'context', 'expert')), ('norm', ('tensor', 'tensor_transpose')), ('layers', 'stage'), ('diloco', 'diloco'), ('engram_dim', ('tensor',)), ('dense_layers', ()), ('moe_layers', ()), ('mhc', ()), ('prefill_activation_length', ('context',)), ('prefill_activation_norm_length', ('tensor_sequence', 'context')), ('activation_prefill_kv_batch', ('data', 'fsdp', 'fsdp_transpose', 'expert')), ('decode_batch', ('data', 'fsdp', 'fsdp_transpose', 'expert')), ('decode_length', ()), ('cache_heads', ('autoregressive', 'tensor', 'tensor_transpose', 'tensor_sequence')), ('cache_heads', ('autoregressive', 'tensor', 'tensor_sequence')), ('paged_kv_heads', ('tensor',)), ('cache_batch_prefill', ()), ('cache_batch', ()), ('cache_heads_none', ()), ('cache_kv', ()), ('cache_sequence', ()), ('num_pages', ()), ('tokens_per_page', ()), ('paged_kv_head_dim_size', ()), ('mlp_no_fsdp', ('tensor', 'tensor_sequence', 'autoregressive')), ('embed_tensor_transpose', ('tensor_transpose',)), ('exp_with_fsdp', 'fsdp'))
I0616 13:51:05.772966 135666269119104 pyconfig.py:457] Config param logits_dot_in_fp32: False
I0616 13:51:05.773019 135666269119104 pyconfig.py:457] Config param logits_via_embedding: True
I0616 13:51:05.773066 135666269119104 pyconfig.py:457] Config param lora_input_adapters_path: 
I0616 13:51:05.773113 135666269119104 pyconfig.py:457] Config param loss_algo: grpo
I0616 13:51:05.773160 135666269119104 pyconfig.py:457] Config param lr_schedule_type: LearningRateScheduleType.COSINE
I0616 13:51:05.773211 135666269119104 pyconfig.py:457] Config param lti_use_general_linear_map: False
I0616 13:51:05.773257 135666269119104 pyconfig.py:457] Config param managed_mldiagnostics: False
I0616 13:51:05.773303 135666269119104 pyconfig.py:457] Config param managed_mldiagnostics_dir: /content/zenteiq_maxtext_outputs/dense_qwen_scaled_1b_gpu/managed-mldiagnostics
I0616 13:51:05.773365 135666269119104 pyconfig.py:457] Config param managed_mldiagnostics_run_group: 
I0616 13:51:05.773413 135666269119104 pyconfig.py:457] Config param math_verify_num_procs: None
I0616 13:51:05.773459 135666269119104 pyconfig.py:457] Config param math_verify_timeout: 300
I0616 13:51:05.773505 135666269119104 pyconfig.py:457] Config param matmul_precision: MatmulPrecision.DEFAULT
I0616 13:51:05.773556 135666269119104 pyconfig.py:457] Config param max_checkify: False
I0616 13:51:05.773602 135666269119104 pyconfig.py:457] Config param max_concurrency: 256
I0616 13:51:05.773657 135666269119104 pyconfig.py:457] Config param max_corpus_chars: 10000000
I0616 13:51:05.773705 135666269119104 pyconfig.py:457] Config param max_num_batched_tokens: None
I0616 13:51:05.773750 135666269119104 pyconfig.py:457] Config param max_num_checkpoints_to_keep: None
I0616 13:51:05.773796 135666269119104 pyconfig.py:457] Config param max_num_images_per_example: -1
I0616 13:51:05.773841 135666269119104 pyconfig.py:457] Config param max_num_seqs: None
I0616 13:51:05.773886 135666269119104 pyconfig.py:457] Config param max_position_embeddings: 163840
I0616 13:51:05.773932 135666269119104 pyconfig.py:457] Config param max_prefill_predict_length: 64
I0616 13:51:05.773977 135666269119104 pyconfig.py:457] Config param max_sample_len_for_audio: 10000
I0616 13:51:05.774023 135666269119104 pyconfig.py:457] Config param max_segments_per_seq: -1
I0616 13:51:05.774069 135666269119104 pyconfig.py:457] Config param max_source_positions_for_audio: 1500
I0616 13:51:05.774115 135666269119104 pyconfig.py:457] Config param max_target_length: 32
I0616 13:51:05.774160 135666269119104 pyconfig.py:457] Config param max_timescale_for_audio: 10000.0
I0616 13:51:05.774208 135666269119104 pyconfig.py:457] Config param megablox: True
I0616 13:51:05.774253 135666269119104 pyconfig.py:457] Config param merge_gating_gmm: False
I0616 13:51:05.774299 135666269119104 pyconfig.py:457] Config param mesh_axes: ['diloco', 'data', 'stage', 'fsdp', 'fsdp_transpose', 'context', 'context_autoregressive', 'tensor', 'tensor_transpose', 'tensor_sequence', 'expert', 'autoregressive']
I0616 13:51:05.774363 135666269119104 pyconfig.py:457] Config param metrics_dir: /content/zenteiq_maxtext_outputs/dense_qwen_scaled_1b_gpu/metrics/
I0616 13:51:05.774410 135666269119104 pyconfig.py:457] Config param metrics_file: 
I0616 13:51:05.774457 135666269119104 pyconfig.py:457] Config param mhc_expansion_rate: 1
I0616 13:51:05.774502 135666269119104 pyconfig.py:457] Config param micro_batch_size_to_eval_on: 1
I0616 13:51:05.774549 135666269119104 pyconfig.py:457] Config param micro_batch_size_to_train_on: 1
I0616 13:51:05.774594 135666269119104 pyconfig.py:457] Config param mla_kv: RematLocation.REMAT
I0616 13:51:05.774647 135666269119104 pyconfig.py:457] Config param mla_naive_kvcache: True
I0616 13:51:05.774694 135666269119104 pyconfig.py:457] Config param mla_q: RematLocation.REMAT
I0616 13:51:05.774742 135666269119104 pyconfig.py:457] Config param mlp_activations: ['silu', 'linear']
I0616 13:51:05.774789 135666269119104 pyconfig.py:457] Config param mlp_activations_limit: -1.0
I0616 13:51:05.774837 135666269119104 pyconfig.py:457] Config param mlp_bias: False
I0616 13:51:05.774882 135666269119104 pyconfig.py:457] Config param mlp_dim: 3840
I0616 13:51:05.774928 135666269119104 pyconfig.py:457] Config param mlpwi: RematLocation.REMAT
I0616 13:51:05.774973 135666269119104 pyconfig.py:457] Config param mlpwi_0: RematLocation.REMAT
I0616 13:51:05.775021 135666269119104 pyconfig.py:457] Config param mlpwi_1: RematLocation.REMAT
I0616 13:51:05.775066 135666269119104 pyconfig.py:457] Config param mlpwo: RematLocation.REMAT
I0616 13:51:05.775114 135666269119104 pyconfig.py:457] Config param moba: False
I0616 13:51:05.775161 135666269119104 pyconfig.py:457] Config param moba_chunk_size: 1024
I0616 13:51:05.775220 135666269119104 pyconfig.py:457] Config param moba_topk: 8
I0616 13:51:05.775267 135666269119104 pyconfig.py:457] Config param model_call_mode: 
I0616 13:51:05.775323 135666269119104 pyconfig.py:457] Config param model_name: qwen3-0.6b
I0616 13:51:05.775367 135666269119104 pyconfig.py:457] Config param moe_expert_input_dim: -1
I0616 13:51:05.775396 135666269119104 pyconfig.py:457] Config param moe_fsdp_use_two_stage_all_gather: False
I0616 13:51:05.775424 135666269119104 pyconfig.py:457] Config param moe_mlp_dim: -1
I0616 13:51:05.775453 135666269119104 pyconfig.py:457] Config param moe_mlpwi_0: RematLocation.REMAT
I0616 13:51:05.775482 135666269119104 pyconfig.py:457] Config param moe_mlpwi_1: RematLocation.REMAT
I0616 13:51:05.775509 135666269119104 pyconfig.py:457] Config param moe_mlpwo: RematLocation.REMAT
I0616 13:51:05.775536 135666269119104 pyconfig.py:457] Config param monitor_goodput: False
I0616 13:51:05.775562 135666269119104 pyconfig.py:457] Config param monitor_step_time_deviation: True
I0616 13:51:05.775588 135666269119104 pyconfig.py:457] Config param mrope_section: [24, 20, 20]
I0616 13:51:05.775622 135666269119104 pyconfig.py:457] Config param mscale: 1.0
I0616 13:51:05.775650 135666269119104 pyconfig.py:457] Config param mtc_data_parallelism: 0
I0616 13:51:05.775676 135666269119104 pyconfig.py:457] Config param mtp_eval_target_module: 0
I0616 13:51:05.775702 135666269119104 pyconfig.py:457] Config param mtp_loss_scaling_factor: 0.1
I0616 13:51:05.775729 135666269119104 pyconfig.py:457] Config param mtp_num_layers: 0
I0616 13:51:05.775755 135666269119104 pyconfig.py:457] Config param mu_dtype: bfloat16
I0616 13:51:05.775794 135666269119104 pyconfig.py:457] Config param multi_sampling: False
I0616 13:51:05.775823 135666269119104 pyconfig.py:457] Config param multi_tier_checkpointing_backup_interval_minutes: 0
I0616 13:51:05.775850 135666269119104 pyconfig.py:457] Config param muon_beta: 0.95
I0616 13:51:05.775877 135666269119104 pyconfig.py:457] Config param muon_consistent_rms: None
I0616 13:51:05.775903 135666269119104 pyconfig.py:457] Config param muon_weight_decay: 0.0
I0616 13:51:05.775930 135666269119104 pyconfig.py:457] Config param n_routing_groups: -1
I0616 13:51:05.775956 135666269119104 pyconfig.py:457] Config param n_window_for_audio: 50
I0616 13:51:05.775982 135666269119104 pyconfig.py:457] Config param n_window_infer_for_audio: 800
I0616 13:51:05.776008 135666269119104 pyconfig.py:457] Config param nope_layer_interval: -1
I0616 13:51:05.776034 135666269119104 pyconfig.py:457] Config param norm_topk_prob: False
I0616 13:51:05.776060 135666269119104 pyconfig.py:457] Config param normalization_layer_epsilon: 1e-06
I0616 13:51:05.776089 135666269119104 pyconfig.py:457] Config param normalize_embedding_logits: False
I0616 13:51:05.776115 135666269119104 pyconfig.py:457] Config param num_attention_heads_for_vit: 16
I0616 13:51:05.776141 135666269119104 pyconfig.py:457] Config param num_batches: 4
I0616 13:51:05.776166 135666269119104 pyconfig.py:457] Config param num_channels_for_vit: 3
I0616 13:51:05.776192 135666269119104 pyconfig.py:457] Config param num_conv_layers_for_audio: 3
I0616 13:51:05.776217 135666269119104 pyconfig.py:457] Config param num_decoder_layers: 32
I0616 13:51:05.776244 135666269119104 pyconfig.py:457] Config param num_diloco_replicas: 1
I0616 13:51:05.776270 135666269119104 pyconfig.py:457] Config param num_epoch: 1
I0616 13:51:05.776295 135666269119104 pyconfig.py:457] Config param num_eval_passes: 1
I0616 13:51:05.776329 135666269119104 pyconfig.py:457] Config param num_experts: 1
I0616 13:51:05.776355 135666269119104 pyconfig.py:457] Config param num_experts_per_tok: 1
I0616 13:51:05.776380 135666269119104 pyconfig.py:457] Config param num_generations: 2
I0616 13:51:05.776403 135666269119104 pyconfig.py:457] Config param num_hidden_layers_for_vit: 34
I0616 13:51:05.776426 135666269119104 pyconfig.py:457] Config param num_iterations: 1
I0616 13:51:05.776450 135666269119104 pyconfig.py:457] Config param num_kv_heads: 10
I0616 13:51:05.776476 135666269119104 pyconfig.py:457] Config param num_layers_per_pipeline_stage: 1
I0616 13:51:05.776501 135666269119104 pyconfig.py:457] Config param num_mel_bins_for_audio: 128
I0616 13:51:05.776532 135666269119104 pyconfig.py:457] Config param num_pipeline_microbatches: -1
I0616 13:51:05.776572 135666269119104 pyconfig.py:457] Config param num_pipeline_repeats: -1
I0616 13:51:05.776621 135666269119104 pyconfig.py:457] Config param num_position_embeddings_for_vit: 1024
I0616 13:51:05.776668 135666269119104 pyconfig.py:457] Config param num_query_heads: 20
I0616 13:51:05.776712 135666269119104 pyconfig.py:457] Config param num_samplers_slices: -1
I0616 13:51:05.776757 135666269119104 pyconfig.py:457] Config param num_slices: 1
I0616 13:51:05.776802 135666269119104 pyconfig.py:457] Config param num_target_devices: 1
I0616 13:51:05.776848 135666269119104 pyconfig.py:457] Config param num_test_batches: 5
I0616 13:51:05.776893 135666269119104 pyconfig.py:457] Config param num_trainer_slices: -1
I0616 13:51:05.776938 135666269119104 pyconfig.py:457] Config param num_vocab_tiling: 1
I0616 13:51:05.776983 135666269119104 pyconfig.py:457] Config param off_policy_steps: 0
I0616 13:51:05.777028 135666269119104 pyconfig.py:457] Config param offline_data_dir: None
I0616 13:51:05.777072 135666269119104 pyconfig.py:457] Config param olmo_apply_ngram_filter: True
I0616 13:51:05.777118 135666269119104 pyconfig.py:457] Config param olmo_index_path: 
I0616 13:51:05.777163 135666269119104 pyconfig.py:457] Config param olmo_path_remap_from: 
I0616 13:51:05.777210 135666269119104 pyconfig.py:457] Config param olmo_path_remap_to: 
I0616 13:51:05.777254 135666269119104 pyconfig.py:457] Config param opt_type: OptimizerType.ADAMW
I0616 13:51:05.777304 135666269119104 pyconfig.py:457] Config param optimize_mesh_for_tpu_v6e: False
I0616 13:51:05.777365 135666269119104 pyconfig.py:457] Config param optimizer_memory_host_offload: False
I0616 13:51:05.777412 135666269119104 pyconfig.py:457] Config param original_max_position_embeddings: 4096
I0616 13:51:05.777458 135666269119104 pyconfig.py:457] Config param out_hidden_size_for_vit: 512
I0616 13:51:05.777503 135666269119104 pyconfig.py:457] Config param out_proj: RematLocation.REMAT
I0616 13:51:05.777550 135666269119104 pyconfig.py:457] Config param output_dim_for_audio: 512
I0616 13:51:05.777596 135666269119104 pyconfig.py:457] Config param override_logical_axis_rules: False
I0616 13:51:05.777647 135666269119104 pyconfig.py:457] Config param override_model_config: True
I0616 13:51:05.777692 135666269119104 pyconfig.py:457] Config param packing: True
I0616 13:51:05.777739 135666269119104 pyconfig.py:457] Config param padded_base_moe_mlp_dim: None
I0616 13:51:05.777783 135666269119104 pyconfig.py:457] Config param pagedattn_head_dim_alignment: 128
I0616 13:51:05.777828 135666269119104 pyconfig.py:457] Config param pagedattn_max_pages_per_group: -1
I0616 13:51:05.777873 135666269119104 pyconfig.py:457] Config param pagedattn_num_pages: 64
I0616 13:51:05.777920 135666269119104 pyconfig.py:457] Config param pagedattn_pages_per_compute_block: 4
I0616 13:51:05.777965 135666269119104 pyconfig.py:457] Config param pagedattn_tokens_per_page: 32
I0616 13:51:05.778011 135666269119104 pyconfig.py:457] Config param param_scan_axis: 1
I0616 13:51:05.778056 135666269119104 pyconfig.py:457] Config param parameter_memory_host_offload: False
I0616 13:51:05.778103 135666269119104 pyconfig.py:457] Config param partial_rotary_factor: 1.0
I0616 13:51:05.778151 135666269119104 pyconfig.py:457] Config param patch_size_for_vit: 14
I0616 13:51:05.778198 135666269119104 pyconfig.py:457] Config param penalty_incorrect_answer: -1.0
I0616 13:51:05.778244 135666269119104 pyconfig.py:457] Config param penalty_incorrect_format: -0.5
I0616 13:51:05.778291 135666269119104 pyconfig.py:457] Config param per_device_batch_size: 1
I0616 13:51:05.778364 135666269119104 pyconfig.py:457] Config param per_device_batch_size_increment: 2.0
I0616 13:51:05.778415 135666269119104 pyconfig.py:457] Config param per_device_batch_size_start: 4.0
I0616 13:51:05.778461 135666269119104 pyconfig.py:457] Config param pipeline_delay_activation_forwarding: False
I0616 13:51:05.778508 135666269119104 pyconfig.py:457] Config param pipeline_fsdp_ag_once: False
I0616 13:51:05.778554 135666269119104 pyconfig.py:457] Config param pipeline_fsdp_ag_per_repeat: False
I0616 13:51:05.778599 135666269119104 pyconfig.py:457] Config param pipeline_parallel_layers: 32
I0616 13:51:05.778653 135666269119104 pyconfig.py:457] Config param pixel_shuffle_ratio_for_vit: 0.5
I0616 13:51:05.778701 135666269119104 pyconfig.py:457] Config param posemb_type_for_vit: learn
I0616 13:51:05.778746 135666269119104 pyconfig.py:457] Config param position_id_per_seconds: 25
I0616 13:51:05.778791 135666269119104 pyconfig.py:457] Config param prefill_cache_axis_order: 1,2,0,3
I0616 13:51:05.778837 135666269119104 pyconfig.py:457] Config param prefill_cache_dir: 
I0616 13:51:05.778882 135666269119104 pyconfig.py:457] Config param prefill_chunk_size: 256
I0616 13:51:05.778929 135666269119104 pyconfig.py:457] Config param prefill_slice: v5e-16
I0616 13:51:05.778975 135666269119104 pyconfig.py:457] Config param prefix_caching_dram_byte: 100000000000
I0616 13:51:05.779020 135666269119104 pyconfig.py:457] Config param prefix_caching_hbm_byte: 10000000000
I0616 13:51:05.779067 135666269119104 pyconfig.py:457] Config param prefuse_moe_weights: False
I0616 13:51:05.779112 135666269119104 pyconfig.py:457] Config param profile_cleanly: True
I0616 13:51:05.779158 135666269119104 pyconfig.py:457] Config param profile_periodically_period: -1
I0616 13:51:05.779204 135666269119104 pyconfig.py:457] Config param profile_power_events: False
I0616 13:51:05.779250 135666269119104 pyconfig.py:457] Config param profiler: ProfilerType.NONE
I0616 13:51:05.779300 135666269119104 pyconfig.py:457] Config param profiler_steps: 5
I0616 13:51:05.779360 135666269119104 pyconfig.py:457] Config param projector_dropout_for_vit: 0.0
I0616 13:51:05.779391 135666269119104 pyconfig.py:457] Config param projector_input_dim_for_vit: 4096
I0616 13:51:05.779418 135666269119104 pyconfig.py:457] Config param projector_output_dim_for_vit: 4096
I0616 13:51:05.779445 135666269119104 pyconfig.py:457] Config param prometheus_port: 0
I0616 13:51:05.779472 135666269119104 pyconfig.py:457] Config param prompt: I love to
I0616 13:51:05.779501 135666269119104 pyconfig.py:457] Config param pure_nnx: False
I0616 13:51:05.779529 135666269119104 pyconfig.py:457] Config param pure_nnx_decoder: False
I0616 13:51:05.779557 135666269119104 pyconfig.py:457] Config param q_lora_rank: 0
I0616 13:51:05.779584 135666269119104 pyconfig.py:457] Config param qk_clip_threshold: 100.0
I0616 13:51:05.779616 135666269119104 pyconfig.py:457] Config param qk_nope_head_dim: 128
I0616 13:51:05.779643 135666269119104 pyconfig.py:457] Config param qk_norm_with_scale: True
I0616 13:51:05.779669 135666269119104 pyconfig.py:457] Config param qk_rope_head_dim: 64
I0616 13:51:05.779696 135666269119104 pyconfig.py:457] Config param qkv_proj: RematLocation.REMAT
I0616 13:51:05.779725 135666269119104 pyconfig.py:457] Config param quant_cfg_path: 
I0616 13:51:05.779751 135666269119104 pyconfig.py:457] Config param quantization: QuantizationType.NONE
I0616 13:51:05.779780 135666269119104 pyconfig.py:457] Config param quantization_local_shard_count: 1
I0616 13:51:05.779807 135666269119104 pyconfig.py:457] Config param quantize_kvcache: False
I0616 13:51:05.779833 135666269119104 pyconfig.py:457] Config param query_proj: RematLocation.REMAT
I0616 13:51:05.779859 135666269119104 pyconfig.py:457] Config param query_wa_proj: RematLocation.REMAT
I0616 13:51:05.779882 135666269119104 pyconfig.py:457] Config param ragged_block_size: 256
I0616 13:51:05.779908 135666269119104 pyconfig.py:457] Config param ragged_buffer_factor: -1.0
I0616 13:51:05.779935 135666269119104 pyconfig.py:457] Config param rampup_end_step: 0
I0616 13:51:05.779958 135666269119104 pyconfig.py:457] Config param rampup_samples_per_increment_to_load: None
I0616 13:51:05.779984 135666269119104 pyconfig.py:457] Config param reasoning_end_token: </reasoning>
I0616 13:51:05.780010 135666269119104 pyconfig.py:457] Config param reasoning_start_token: <reasoning>
I0616 13:51:05.780036 135666269119104 pyconfig.py:457] Config param record_internal_nn_metrics: 0
I0616 13:51:05.780062 135666269119104 pyconfig.py:457] Config param remat_policy: full
I0616 13:51:05.780091 135666269119104 pyconfig.py:457] Config param remat_policy_for_vit: minimal
I0616 13:51:05.780125 135666269119104 pyconfig.py:457] Config param remove_size_one_mesh_axis_from_type: True
I0616 13:51:05.780169 135666269119104 pyconfig.py:457] Config param replicate_quant_scale: False
I0616 13:51:05.780215 135666269119104 pyconfig.py:457] Config param replicator_backup_interval_minutes: 0
I0616 13:51:05.780260 135666269119104 pyconfig.py:457] Config param report_heartbeat_metric_for_gcp_monitoring: False
I0616 13:51:05.780316 135666269119104 pyconfig.py:457] Config param report_performance_metric_for_gcp_monitoring: False
I0616 13:51:05.780364 135666269119104 pyconfig.py:457] Config param reshape_q: False
I0616 13:51:05.780412 135666269119104 pyconfig.py:457] Config param reshard_chunk_size: None
I0616 13:51:05.780456 135666269119104 pyconfig.py:457] Config param return_log_prob: False
I0616 13:51:05.780502 135666269119104 pyconfig.py:457] Config param reuse_example_batch: 0
I0616 13:51:05.780547 135666269119104 pyconfig.py:457] Config param reward_exact_answer: 5.0
I0616 13:51:05.780594 135666269119104 pyconfig.py:457] Config param reward_exact_format_match: 3.0
I0616 13:51:05.780646 135666269119104 pyconfig.py:457] Config param reward_partial_format_match: 0.5
I0616 13:51:05.780692 135666269119104 pyconfig.py:457] Config param reward_ratio_guess_to_answer_high: 0.5
I0616 13:51:05.780740 135666269119104 pyconfig.py:457] Config param reward_ratio_guess_to_answer_low: 0.25
I0616 13:51:05.780786 135666269119104 pyconfig.py:457] Config param reward_white_space_format_match: 1.5
I0616 13:51:05.780833 135666269119104 pyconfig.py:457] Config param rl: {'num_generations': 2, 'num_iterations': 1, 'grpo_beta': 0.08, 'grpo_epsilon': 0.2, 'loss_algo': 'grpo', 'use_agentic_rollout': False, 'max_concurrency': 256, 'off_policy_steps': 0, 'system_prompt': '', 'degenerate_group_masking': True, 'epsilon_high': None, 'reshard_chunk_size': None}
I0616 13:51:05.780892 135666269119104 pyconfig.py:457] Config param rollout_data_parallelism: -1
I0616 13:51:05.780939 135666269119104 pyconfig.py:457] Config param rollout_expert_parallelism: 1
I0616 13:51:05.780985 135666269119104 pyconfig.py:457] Config param rollout_micro_batch_size: -1
I0616 13:51:05.781030 135666269119104 pyconfig.py:457] Config param rollout_tensor_parallelism: -1
I0616 13:51:05.781076 135666269119104 pyconfig.py:457] Config param rope_attention_scaling: False
I0616 13:51:05.781121 135666269119104 pyconfig.py:457] Config param rope_factor: 40
I0616 13:51:05.781167 135666269119104 pyconfig.py:457] Config param rope_interleave: True
I0616 13:51:05.781212 135666269119104 pyconfig.py:457] Config param rope_linear_scaling_factor: 1.0
I0616 13:51:05.781260 135666269119104 pyconfig.py:457] Config param rope_max_timescale: 1000000
I0616 13:51:05.781304 135666269119104 pyconfig.py:457] Config param rope_min_timescale: 1
I0616 13:51:05.781366 135666269119104 pyconfig.py:457] Config param rope_theta_for_vit: 10000
I0616 13:51:05.781414 135666269119104 pyconfig.py:457] Config param rope_truncate: True
I0616 13:51:05.781459 135666269119104 pyconfig.py:457] Config param rope_type: RopeType.DEFAULT
I0616 13:51:05.781510 135666269119104 pyconfig.py:457] Config param rope_use_scale: True
I0616 13:51:05.781557 135666269119104 pyconfig.py:457] Config param routed_bias: False
I0616 13:51:05.781603 135666269119104 pyconfig.py:457] Config param routed_bias_update_rate: 0.0
I0616 13:51:05.781656 135666269119104 pyconfig.py:457] Config param routed_scaling_factor: 1.0
I0616 13:51:05.781702 135666269119104 pyconfig.py:457] Config param routed_score_func: 
I0616 13:51:05.781748 135666269119104 pyconfig.py:457] Config param run_name: dense_qwen_scaled_1b_gpu
I0616 13:51:05.781793 135666269119104 pyconfig.py:457] Config param sa_block_kv: 512
I0616 13:51:05.781839 135666269119104 pyconfig.py:457] Config param sa_block_kv_compute: 512
I0616 13:51:05.781884 135666269119104 pyconfig.py:457] Config param sa_block_kv_dkv: 512
I0616 13:51:05.781930 135666269119104 pyconfig.py:457] Config param sa_block_kv_dkv_compute: 512
I0616 13:51:05.781975 135666269119104 pyconfig.py:457] Config param sa_block_kv_dq: 512
I0616 13:51:05.782020 135666269119104 pyconfig.py:457] Config param sa_block_q: 512
I0616 13:51:05.782064 135666269119104 pyconfig.py:457] Config param sa_block_q_dkv: 512
I0616 13:51:05.782110 135666269119104 pyconfig.py:457] Config param sa_block_q_dq: 512
I0616 13:51:05.782155 135666269119104 pyconfig.py:457] Config param sa_k_layout: HEAD_DIM_MINOR
I0616 13:51:05.782201 135666269119104 pyconfig.py:457] Config param sa_q_layout: HEAD_DIM_MINOR
I0616 13:51:05.782247 135666269119104 pyconfig.py:457] Config param sa_use_fused_bwd_kernel: False
I0616 13:51:05.782292 135666269119104 pyconfig.py:457] Config param sa_v_layout: HEAD_DIM_MINOR
I0616 13:51:05.782354 135666269119104 pyconfig.py:457] Config param sampler_devices_fraction: 0.5
I0616 13:51:05.782404 135666269119104 pyconfig.py:457] Config param save_checkpoint_on_completion: False
I0616 13:51:05.782451 135666269119104 pyconfig.py:457] Config param save_config_to_gcs: False
I0616 13:51:05.782498 135666269119104 pyconfig.py:457] Config param save_quantized_params_path: 
I0616 13:51:05.782545 135666269119104 pyconfig.py:457] Config param scale_embedding_for_audio: True
I0616 13:51:05.782591 135666269119104 pyconfig.py:457] Config param scan_layers: True
I0616 13:51:05.782642 135666269119104 pyconfig.py:457] Config param scan_layers_per_stage: False
I0616 13:51:05.782688 135666269119104 pyconfig.py:457] Config param scan_pipeline_iterations: True
I0616 13:51:05.782733 135666269119104 pyconfig.py:457] Config param scan_pipeline_repeats: False
I0616 13:51:05.782778 135666269119104 pyconfig.py:457] Config param set_remat_policy_on_layers_per_stage: False
I0616 13:51:05.782824 135666269119104 pyconfig.py:457] Config param set_remat_policy_on_pipeline_iterations: True
I0616 13:51:05.782870 135666269119104 pyconfig.py:457] Config param sft_train_on_completion_only: False
I0616 13:51:05.782916 135666269119104 pyconfig.py:457] Config param shard_exp_on_fsdp: False
I0616 13:51:05.782960 135666269119104 pyconfig.py:457] Config param shard_mode: ShardMode.AUTO
I0616 13:51:05.783000 135666269119104 pyconfig.py:457] Config param shard_optimizer_over_data: False
I0616 13:51:05.783028 135666269119104 pyconfig.py:457] Config param sharding_strategy: None
I0616 13:51:05.783055 135666269119104 pyconfig.py:457] Config param sharding_tolerance: 0.02
I0616 13:51:05.783082 135666269119104 pyconfig.py:457] Config param shardy: True
I0616 13:51:05.783109 135666269119104 pyconfig.py:457] Config param share_kv_projections: False
I0616 13:51:05.783136 135666269119104 pyconfig.py:457] Config param shared_experts: 0
I0616 13:51:05.783162 135666269119104 pyconfig.py:457] Config param sinkhorn_iterations: 20
I0616 13:51:05.783187 135666269119104 pyconfig.py:457] Config param skip_first_n_steps_for_profiler: 1
I0616 13:51:05.783213 135666269119104 pyconfig.py:457] Config param skip_jax_distributed_system: True
I0616 13:51:05.783239 135666269119104 pyconfig.py:457] Config param skip_step_interval: 128
I0616 13:51:05.783265 135666269119104 pyconfig.py:457] Config param skip_step_on_spikes: False
I0616 13:51:05.783291 135666269119104 pyconfig.py:457] Config param skip_step_scaling_factor: 6.0
I0616 13:51:05.783329 135666269119104 pyconfig.py:457] Config param sliding_window_size: 0
I0616 13:51:05.783357 135666269119104 pyconfig.py:457] Config param solution_end_token: </answer>
I0616 13:51:05.783383 135666269119104 pyconfig.py:457] Config param solution_start_token: <answer>
I0616 13:51:05.783410 135666269119104 pyconfig.py:457] Config param source_checkpoint_layout: orbax
I0616 13:51:05.783434 135666269119104 pyconfig.py:457] Config param sparse_matmul: True
I0616 13:51:05.783461 135666269119104 pyconfig.py:457] Config param spatial_merge_size_for_vit: 2
I0616 13:51:05.783488 135666269119104 pyconfig.py:457] Config param stack_prefill_result_cache: False
I0616 13:51:05.783512 135666269119104 pyconfig.py:457] Config param stack_trace_interval_seconds: 600
I0616 13:51:05.783535 135666269119104 pyconfig.py:457] Config param stack_trace_to_cloud: False
I0616 13:51:05.783560 135666269119104 pyconfig.py:457] Config param step_deviation_interval_seconds: 30
I0616 13:51:05.783588 135666269119104 pyconfig.py:457] Config param steps: 50
I0616 13:51:05.783636 135666269119104 pyconfig.py:457] Config param stop_strings: None
I0616 13:51:05.783683 135666269119104 pyconfig.py:457] Config param student_overrides: {}
I0616 13:51:05.783729 135666269119104 pyconfig.py:457] Config param student_params_to_update: None
I0616 13:51:05.783772 135666269119104 pyconfig.py:457] Config param subslice_shape: 
I0616 13:51:05.783818 135666269119104 pyconfig.py:457] Config param swap_space_vllm_gb: 2
I0616 13:51:05.783864 135666269119104 pyconfig.py:457] Config param system_prompt: 
I0616 13:51:05.783909 135666269119104 pyconfig.py:457] Config param target_eval_loss: 0.0
I0616 13:51:05.783955 135666269119104 pyconfig.py:457] Config param teacher_overrides: {}
I0616 13:51:05.783999 135666269119104 pyconfig.py:457] Config param temperature_tuning: False
I0616 13:51:05.784046 135666269119104 pyconfig.py:457] Config param temporal_patch_size_for_vit: 2
I0616 13:51:05.784090 135666269119104 pyconfig.py:457] Config param tensorboard_dir: /content/zenteiq_maxtext_outputs/dense_qwen_scaled_1b_gpu/tensorboard/
I0616 13:51:05.784136 135666269119104 pyconfig.py:457] Config param tensors_on_device: None
I0616 13:51:05.784182 135666269119104 pyconfig.py:457] Config param tensors_to_offload: None
I0616 13:51:05.784228 135666269119104 pyconfig.py:457] Config param test_batch_start_index: 0
I0616 13:51:05.784273 135666269119104 pyconfig.py:457] Config param tile_size_for_vit: 336
I0616 13:51:05.784332 135666269119104 pyconfig.py:457] Config param tokenize_eval_data: True
I0616 13:51:05.784381 135666269119104 pyconfig.py:457] Config param tokenize_train_data: True
I0616 13:51:05.784428 135666269119104 pyconfig.py:457] Config param tokenizer_path: Qwen/Qwen3-0.6B
I0616 13:51:05.784474 135666269119104 pyconfig.py:457] Config param tokenizer_type: TokenizerType.HUGGINGFACE
I0616 13:51:05.784525 135666269119104 pyconfig.py:457] Config param topk_routing_group: -1
I0616 13:51:05.784569 135666269119104 pyconfig.py:457] Config param tpu_num_chips_to_profile_per_task: 1
I0616 13:51:05.784621 135666269119104 pyconfig.py:457] Config param tpu_num_sparse_core_tiles_to_trace: 1
I0616 13:51:05.784667 135666269119104 pyconfig.py:457] Config param tpu_num_sparse_cores_to_trace: 2
I0616 13:51:05.784713 135666269119104 pyconfig.py:457] Config param train_data_columns: ['text']
I0616 13:51:05.784760 135666269119104 pyconfig.py:457] Config param train_fraction: 1.0
I0616 13:51:05.784807 135666269119104 pyconfig.py:457] Config param train_image_column: image
I0616 13:51:05.784851 135666269119104 pyconfig.py:457] Config param train_micro_batch_size: -1
I0616 13:51:05.784897 135666269119104 pyconfig.py:457] Config param train_split: train
I0616 13:51:05.784942 135666269119104 pyconfig.py:457] Config param trainable_parameters_mask: []
I0616 13:51:05.784987 135666269119104 pyconfig.py:457] Config param trainable_position_size: -1
I0616 13:51:05.785032 135666269119104 pyconfig.py:457] Config param trainer_devices_fraction: 0.5
I0616 13:51:05.785079 135666269119104 pyconfig.py:457] Config param upload_all_profiler_results: False
I0616 13:51:05.785125 135666269119104 pyconfig.py:457] Config param use_2d_fsdp_sharding: False
I0616 13:51:05.785170 135666269119104 pyconfig.py:457] Config param use_agentic_rollout: False
I0616 13:51:05.785215 135666269119104 pyconfig.py:457] Config param use_audio: False
I0616 13:51:05.785260 135666269119104 pyconfig.py:457] Config param use_audio_in_video: False
I0616 13:51:05.785305 135666269119104 pyconfig.py:457] Config param use_batch_split_schedule: False
I0616 13:51:05.785365 135666269119104 pyconfig.py:457] Config param use_chat_template: False
I0616 13:51:05.785411 135666269119104 pyconfig.py:457] Config param use_chunked_prefill: False
I0616 13:51:05.785456 135666269119104 pyconfig.py:457] Config param use_custom_sort_vjp: True
I0616 13:51:05.785502 135666269119104 pyconfig.py:457] Config param use_dpo: False
I0616 13:51:05.785546 135666269119104 pyconfig.py:457] Config param use_gather_mosaic_kernel: False
I0616 13:51:05.785592 135666269119104 pyconfig.py:457] Config param use_grpo: True
I0616 13:51:05.785644 135666269119104 pyconfig.py:457] Config param use_indexer: False
I0616 13:51:05.785690 135666269119104 pyconfig.py:457] Config param use_iota_embed: False
I0616 13:51:05.785735 135666269119104 pyconfig.py:457] Config param use_jax_splash: False
I0616 13:51:05.785780 135666269119104 pyconfig.py:457] Config param use_manual_quantization: False
I0616 13:51:05.785825 135666269119104 pyconfig.py:457] Config param use_max_logit_estimate: -1
I0616 13:51:05.785871 135666269119104 pyconfig.py:457] Config param use_mrope: False
I0616 13:51:05.785917 135666269119104 pyconfig.py:457] Config param use_multimodal: False
I0616 13:51:05.785961 135666269119104 pyconfig.py:457] Config param use_pathways: True
I0616 13:51:05.786007 135666269119104 pyconfig.py:457] Config param use_post_attn_norm: False
I0616 13:51:05.786051 135666269119104 pyconfig.py:457] Config param use_post_ffw_norm: False
I0616 13:51:05.786097 135666269119104 pyconfig.py:457] Config param use_qk_clip: False
I0616 13:51:05.786142 135666269119104 pyconfig.py:457] Config param use_qk_norm: True
I0616 13:51:05.786188 135666269119104 pyconfig.py:457] Config param use_qk_norm_in_gdn: True
I0616 13:51:05.786232 135666269119104 pyconfig.py:457] Config param use_qwix_quantization: False
I0616 13:51:05.786276 135666269119104 pyconfig.py:457] Config param use_ragged_attention: False
I0616 13:51:05.786321 135666269119104 pyconfig.py:457] Config param use_random_routing: False
I0616 13:51:05.786349 135666269119104 pyconfig.py:457] Config param use_replicator_service: False
I0616 13:51:05.786375 135666269119104 pyconfig.py:457] Config param use_ring_of_experts: False
I0616 13:51:05.786402 135666269119104 pyconfig.py:457] Config param use_sft: False
I0616 13:51:05.786428 135666269119104 pyconfig.py:457] Config param use_splash_scheduler: False
I0616 13:51:05.786454 135666269119104 pyconfig.py:457] Config param use_standalone_converter: False
I0616 13:51:05.786480 135666269119104 pyconfig.py:457] Config param use_tokamax_gmm: False
I0616 13:51:05.786505 135666269119104 pyconfig.py:457] Config param use_tokamax_splash: False
I0616 13:51:05.786531 135666269119104 pyconfig.py:457] Config param use_truncation: True
I0616 13:51:05.786556 135666269119104 pyconfig.py:457] Config param use_tunix_gradient_accumulation: False
I0616 13:51:05.786583 135666269119104 pyconfig.py:457] Config param use_untrainable_positional_embedding: False
I0616 13:51:05.786615 135666269119104 pyconfig.py:457] Config param use_vertex_tensorboard: False
I0616 13:51:05.786642 135666269119104 pyconfig.py:457] Config param using_pipeline_parallelism: False
I0616 13:51:05.786668 135666269119104 pyconfig.py:457] Config param v_head_dim: 128
I0616 13:51:05.786693 135666269119104 pyconfig.py:457] Config param v_norm_with_scale: True
I0616 13:51:05.786720 135666269119104 pyconfig.py:457] Config param value_proj: RematLocation.REMAT
I0616 13:51:05.786747 135666269119104 pyconfig.py:457] Config param vertex_tensorboard_project: 
I0616 13:51:05.786774 135666269119104 pyconfig.py:457] Config param vertex_tensorboard_region: 
I0616 13:51:05.786800 135666269119104 pyconfig.py:457] Config param video_path: 
I0616 13:51:05.786826 135666269119104 pyconfig.py:457] Config param video_placeholder: <|video|>
I0616 13:51:05.786852 135666269119104 pyconfig.py:457] Config param vision_output_dim_for_vit: 4096
I0616 13:51:05.786878 135666269119104 pyconfig.py:457] Config param vision_output_length: -1
I0616 13:51:05.786901 135666269119104 pyconfig.py:457] Config param vllm_additional_config: {}
I0616 13:51:05.786927 135666269119104 pyconfig.py:457] Config param vllm_hf_config_path: 
I0616 13:51:05.786952 135666269119104 pyconfig.py:457] Config param vllm_hf_overrides: {}
I0616 13:51:05.786978 135666269119104 pyconfig.py:457] Config param vllm_load_format: dummy
I0616 13:51:05.787004 135666269119104 pyconfig.py:457] Config param vocab_size: 151936
I0616 13:51:05.787041 135666269119104 pyconfig.py:457] Config param warmup_steps_fraction: 0.1
I0616 13:51:05.787086 135666269119104 pyconfig.py:457] Config param weight_dtype: bfloat16
I0616 13:51:05.787143 135666269119104 pyconfig.py:457] Config param weight_quantization_calibration_method: absmax
I0616 13:51:05.787191 135666269119104 pyconfig.py:457] Config param weight_sparsity_m: None
I0616 13:51:05.787235 135666269119104 pyconfig.py:457] Config param weight_sparsity_n: None
I0616 13:51:05.787280 135666269119104 pyconfig.py:457] Config param weight_sparsity_start_step: 50
I0616 13:51:05.787335 135666269119104 pyconfig.py:457] Config param weight_sparsity_update_step: 10
I0616 13:51:05.787380 135666269119104 pyconfig.py:457] Config param wi_tile_dlhs_batch_seq: 512
I0616 13:51:05.787427 135666269119104 pyconfig.py:457] Config param wi_tile_dlhs_embed_dim: 1024
I0616 13:51:05.787472 135666269119104 pyconfig.py:457] Config param wi_tile_dlhs_mlp_dim: 1024
I0616 13:51:05.787517 135666269119104 pyconfig.py:457] Config param wi_tile_drhs_batch_seq: 512
I0616 13:51:05.787561 135666269119104 pyconfig.py:457] Config param wi_tile_drhs_embed_dim: 1024
I0616 13:51:05.787611 135666269119104 pyconfig.py:457] Config param wi_tile_drhs_mlp_dim: 1024
I0616 13:51:05.787657 135666269119104 pyconfig.py:457] Config param wi_tile_fwd_batch_seq: 512
I0616 13:51:05.787703 135666269119104 pyconfig.py:457] Config param wi_tile_fwd_embed_dim: 1024
I0616 13:51:05.787749 135666269119104 pyconfig.py:457] Config param wi_tile_fwd_mlp_dim: 1024
I0616 13:51:05.787795 135666269119104 pyconfig.py:457] Config param wo_tile_dlhs_batch_seq: 512
I0616 13:51:05.787840 135666269119104 pyconfig.py:457] Config param wo_tile_dlhs_embed_dim: 1024
I0616 13:51:05.787886 135666269119104 pyconfig.py:457] Config param wo_tile_dlhs_mlp_dim: 1024
I0616 13:51:05.787931 135666269119104 pyconfig.py:457] Config param wo_tile_drhs_batch_seq: 512
I0616 13:51:05.787976 135666269119104 pyconfig.py:457] Config param wo_tile_drhs_embed_dim: 1024
I0616 13:51:05.788022 135666269119104 pyconfig.py:457] Config param wo_tile_drhs_mlp_dim: 1024
I0616 13:51:05.788068 135666269119104 pyconfig.py:457] Config param wo_tile_fwd_batch_seq: 512
I0616 13:51:05.788113 135666269119104 pyconfig.py:457] Config param wo_tile_fwd_embed_dim: 1024
I0616 13:51:05.788158 135666269119104 pyconfig.py:457] Config param wo_tile_fwd_mlp_dim: 1024
I0616 13:51:05.788202 135666269119104 pyconfig.py:457] Config param wsd_decay_steps_fraction: 0.1
I0616 13:51:05.788250 135666269119104 pyconfig.py:457] Config param wsd_decay_style: WsdDecayStyle.LINEAR
I0616 13:51:05.788300 135666269119104 pyconfig.py:457] Config param xprof_e2e_enable_fw_power_level_event: False
I0616 13:51:05.788359 135666269119104 pyconfig.py:457] Config param xprof_e2e_enable_fw_thermal_event: False
I0616 13:51:05.788406 135666269119104 pyconfig.py:457] Config param xprof_e2e_enable_fw_throttle_event: False
I0616 13:51:05.788453 135666269119104 pyconfig.py:457] Config param xprof_tpu_power_trace_level: 0
I0616 13:51:05.788500 135666269119104 pyconfig.py:457] Config param z_loss_multiplier: 0.0
I0616 13:51:05.789670 135666269119104 max_utils.py:804] System Information: Jax Version: 0.9.2
I0616 13:51:05.789777 135666269119104 max_utils.py:805] System Information: Jaxlib Version: 0.9.2
I0616 13:51:05.789850 135666269119104 max_utils.py:806] System Information: Jax Backend: PJRT C API
cuda 12090
I0616 13:51:05.789896 135666269119104 train_utils.py:350] WARNING: 'base_output_directory' might be pointing your local file system
I0616 13:51:05.789936 135666269119104 train_utils.py:361] WARNING: Sequence packing is essentially ignored for synthetic data. Please use a real dataset to use sequence packing.
I0616 13:51:05.790044 135666269119104 train.py:710] [DECOUPLED NO-OP] skipping cloud diagnostics wrapper.
I0616 13:51:06.923596 135666269119104 maxtext_utils.py:1655] Num_devices: 1, shape (1, 1, 1, 1, 1, 1, 1, 1, 1, 1, 1, 1)
I0616 13:51:06.923978 135666269119104 checkpointing.py:716] Setting up checkpoint logger...
I0616 13:51:06.924068 135666269119104 checkpointing.py:254] Checkpointing disabled, not creating checkpoint manager.
I0616 13:51:08.037614 135666269119104 checkpointing.py:704] No existing checkpoints found, not restoring checkpoint.
I0616 13:51:14.385201    3081 dump.cc:456] HloModule dump enabled with path prefix: , suffix: before_optimizations
I0616 13:51:14.449856    3081 dot_merger.cc:481] Merging Dots in computation: region_17.49
I0616 13:51:14.450265    3081 dot_merger.cc:481] Merging Dots in computation: region_0.12.clone
I0616 13:51:14.597855    3081 dot_search_space.cc:240] All configs were filtered out because none of them sufficiently match the hints. Maybe the hints set does not contain a good representative set of valid configs? Working around this by using the full hints set instead.
I0616 13:51:14.600053    3081 dot_search_space.cc:240] All configs were filtered out because none of them sufficiently match the hints. Maybe the hints set does not contain a good representative set of valid configs? Working around this by using the full hints set instead.
E0616 13:51:16.969610    3206 xtile_compiler.cc:399] Fusion: gemm_fusion_dot.53 = f32[16,1280,32]{1,2,0} fusion(bitcast.2, bitcast.3), kind=kCustom, calls=gemm_fusion_dot.53_computation.clone, backend_config={"operation_queue_id":"0","wait_on_operation_queues":[],"fusion_backend_config":{"kind":"__triton_nested_gemm_fusion","block_level_fusion_config":{"num_warps":"8","output_tiles":[{"sizes":["1","64","32"]}],"num_ctas":1,"num_stages":4,"is_tma_allowed":false,"is_warp_specialization_allowed":false}},"force_earliest_schedule":false,"reification_cost":[],"device_type":"DEVICE_TYPE_INVALID"}
E0616 13:51:16.969802    3206 xtile_compiler.cc:401] Computation: gemm_fusion_dot.53_computation.clone {
  parameter_1.27 = bf16[16,9496,1280]{2,1,0} parameter(1)
  parameter_0.27 = bf16[32,16,9496]{2,1,0} parameter(0)
  ROOT dot = f32[16,1280,32]{1,2,0} dot(parameter_1.27, parameter_0.27), lhs_batch_dims={0}, lhs_contracting_dims={1}, rhs_batch_dims={1}, rhs_contracting_dims={2}, backend_config={"sizes":["256"]}
}
I0616 13:51:22.320533    3202 subprocess_compilation.cc:348] ptxas warning : Registers are spilled to local memory in function 'gemm_fusion_dot_84', 4 bytes spill stores, 8 bytes spill loads

I0616 13:51:33.216975 135666269119104 max_utils.py:795] Total memory size: 8.5 GB, Output size: 5.5 GB, Temp size: 3.0 GB, Argument size: 5.5 GB, Host temp size: 0.0 GB.
I0616 13:51:33.217765 135666269119104 max_utils.py:199] tensorboardX not available; using no-op SummaryWriter.
I0616 13:51:33.218056 135666269119104 metric_logger.py:303] number parameters: 0.981 billion
I0616 13:51:34.613472    3081 dot_merger.cc:481] Merging Dots in computation: region_17.49
I0616 13:51:34.613900    3081 dot_merger.cc:481] Merging Dots in computation: region_0.12.clone
I0616 13:51:43.899446 135666269119104 max_utils.py:754] 
Memstats: After params initialized:
I0616 13:51:43.899622 135666269119104 max_utils.py:760] 	Using (GB) 5.48 / 59.44 (9.219381%) on cuda:0
I0616 13:51:44.309862 135666269119104 metric_logger.py:196] completed step: 0, seconds: 10.681, TFLOP/s/device: 0.018, Tokens/s/device: 2.996, total_weights: 32, loss: 245.763, lm_loss: 245.763, perplexity: inf
I0616 13:51:44.311462 135666269119104 metric_logger.py:281] To see full metrics 'tensorboard --logdir=/content/zenteiq_maxtext_outputs/dense_qwen_scaled_1b_gpu/tensorboard/'
I0616 13:51:44.346114 135666269119104 metric_logger.py:196] completed step: 1, seconds: 0.409, TFLOP/s/device: 0.461, Tokens/s/device: 78.172, total_weights: 32, loss: 245.763, lm_loss: 245.763, perplexity: inf
I0616 13:51:44.347759 135666269119104 metric_logger.py:281] To see full metrics 'tensorboard --logdir=/content/zenteiq_maxtext_outputs/dense_qwen_scaled_1b_gpu/tensorboard/'
I0616 13:51:44.382651 135666269119104 metric_logger.py:196] completed step: 2, seconds: 0.037, TFLOP/s/device: 5.165, Tokens/s/device: 875.250, total_weights: 32, loss: 235.809, lm_loss: 235.809, perplexity: inf
I0616 13:51:44.384161 135666269119104 metric_logger.py:281] To see full metrics 'tensorboard --logdir=/content/zenteiq_maxtext_outputs/dense_qwen_scaled_1b_gpu/tensorboard/'
I0616 13:51:44.418528 135666269119104 metric_logger.py:196] completed step: 3, seconds: 0.037, TFLOP/s/device: 5.170, Tokens/s/device: 876.160, total_weights: 32, loss: 199.231, lm_loss: 199.231, perplexity: inf
I0616 13:51:44.420022 135666269119104 metric_logger.py:281] To see full metrics 'tensorboard --logdir=/content/zenteiq_maxtext_outputs/dense_qwen_scaled_1b_gpu/tensorboard/'
I0616 13:51:44.453377 135666269119104 metric_logger.py:196] completed step: 4, seconds: 0.036, TFLOP/s/device: 5.276, Tokens/s/device: 894.005, total_weights: 32, loss: 131.729, lm_loss: 131.729, perplexity: inf
I0616 13:51:44.455178 135666269119104 metric_logger.py:281] To see full metrics 'tensorboard --logdir=/content/zenteiq_maxtext_outputs/dense_qwen_scaled_1b_gpu/tensorboard/'
I0616 13:51:44.488264 135666269119104 metric_logger.py:196] completed step: 5, seconds: 0.035, TFLOP/s/device: 5.428, Tokens/s/device: 919.884, total_weights: 32, loss: 88.342, lm_loss: 88.342, perplexity: 232601959085033147992435757202739822592.000
I0616 13:51:44.489981 135666269119104 metric_logger.py:281] To see full metrics 'tensorboard --logdir=/content/zenteiq_maxtext_outputs/dense_qwen_scaled_1b_gpu/tensorboard/'
I0616 13:51:44.523069 135666269119104 metric_logger.py:196] completed step: 6, seconds: 0.035, TFLOP/s/device: 5.425, Tokens/s/device: 919.250, total_weights: 32, loss: 53.911, lm_loss: 53.911, perplexity: 258877174788406514810880.000
I0616 13:51:44.524785 135666269119104 metric_logger.py:281] To see full metrics 'tensorboard --logdir=/content/zenteiq_maxtext_outputs/dense_qwen_scaled_1b_gpu/tensorboard/'
I0616 13:51:44.557775 135666269119104 metric_logger.py:196] completed step: 7, seconds: 0.035, TFLOP/s/device: 5.420, Tokens/s/device: 918.379, total_weights: 32, loss: 25.508, lm_loss: 25.508, perplexity: 119724728320.000
I0616 13:51:44.559321 135666269119104 metric_logger.py:281] To see full metrics 'tensorboard --logdir=/content/zenteiq_maxtext_outputs/dense_qwen_scaled_1b_gpu/tensorboard/'
I0616 13:51:44.592724 135666269119104 metric_logger.py:196] completed step: 8, seconds: 0.035, TFLOP/s/device: 5.428, Tokens/s/device: 919.831, total_weights: 32, loss: 8.457, lm_loss: 8.457, perplexity: 4708.734
I0616 13:51:44.594353 135666269119104 metric_logger.py:281] To see full metrics 'tensorboard --logdir=/content/zenteiq_maxtext_outputs/dense_qwen_scaled_1b_gpu/tensorboard/'
I0616 13:51:44.626035 135666269119104 metric_logger.py:196] completed step: 9, seconds: 0.035, TFLOP/s/device: 5.401, Tokens/s/device: 915.201, total_weights: 32, loss: 0.828, lm_loss: 0.828, perplexity: 2.289
I0616 13:51:44.627635 135666269119104 metric_logger.py:281] To see full metrics 'tensorboard --logdir=/content/zenteiq_maxtext_outputs/dense_qwen_scaled_1b_gpu/tensorboard/'
I0616 13:51:44.659219 135666269119104 metric_logger.py:196] completed step: 10, seconds: 0.033, TFLOP/s/device: 5.669, Tokens/s/device: 960.730, total_weights: 32, loss: 0.022, lm_loss: 0.022, perplexity: 1.022
I0616 13:51:44.660852 135666269119104 metric_logger.py:281] To see full metrics 'tensorboard --logdir=/content/zenteiq_maxtext_outputs/dense_qwen_scaled_1b_gpu/tensorboard/'
I0616 13:51:44.692066 135666269119104 metric_logger.py:196] completed step: 11, seconds: 0.033, TFLOP/s/device: 5.690, Tokens/s/device: 964.233, total_weights: 32, loss: 0.000, lm_loss: 0.000, perplexity: 1.000
I0616 13:51:44.693284 135666269119104 metric_logger.py:281] To see full metrics 'tensorboard --logdir=/content/zenteiq_maxtext_outputs/dense_qwen_scaled_1b_gpu/tensorboard/'
I0616 13:51:44.725044 135666269119104 metric_logger.py:196] completed step: 12, seconds: 0.033, TFLOP/s/device: 5.746, Tokens/s/device: 973.769, total_weights: 32, loss: 0.000, lm_loss: 0.000, perplexity: 1.000
I0616 13:51:44.726520 135666269119104 metric_logger.py:281] To see full metrics 'tensorboard --logdir=/content/zenteiq_maxtext_outputs/dense_qwen_scaled_1b_gpu/tensorboard/'
I0616 13:51:44.758108 135666269119104 metric_logger.py:196] completed step: 13, seconds: 0.033, TFLOP/s/device: 5.725, Tokens/s/device: 970.079, total_weights: 32, loss: 0.000, lm_loss: 0.000, perplexity: 1.000
I0616 13:51:44.759615 135666269119104 metric_logger.py:281] To see full metrics 'tensorboard --logdir=/content/zenteiq_maxtext_outputs/dense_qwen_scaled_1b_gpu/tensorboard/'
I0616 13:51:44.791107 135666269119104 metric_logger.py:196] completed step: 14, seconds: 0.033, TFLOP/s/device: 5.720, Tokens/s/device: 969.344, total_weights: 32, loss: 0.000, lm_loss: 0.000, perplexity: 1.000
I0616 13:51:44.792648 135666269119104 metric_logger.py:281] To see full metrics 'tensorboard --logdir=/content/zenteiq_maxtext_outputs/dense_qwen_scaled_1b_gpu/tensorboard/'
I0616 13:51:44.824055 135666269119104 metric_logger.py:196] completed step: 15, seconds: 0.033, TFLOP/s/device: 5.721, Tokens/s/device: 969.521, total_weights: 32, loss: 0.000, lm_loss: 0.000, perplexity: 1.000
I0616 13:51:44.825559 135666269119104 metric_logger.py:281] To see full metrics 'tensorboard --logdir=/content/zenteiq_maxtext_outputs/dense_qwen_scaled_1b_gpu/tensorboard/'
I0616 13:51:44.857262 135666269119104 metric_logger.py:196] completed step: 16, seconds: 0.033, TFLOP/s/device: 5.720, Tokens/s/device: 969.227, total_weights: 32, loss: 0.000, lm_loss: 0.000, perplexity: 1.000
I0616 13:51:44.858775 135666269119104 metric_logger.py:281] To see full metrics 'tensorboard --logdir=/content/zenteiq_maxtext_outputs/dense_qwen_scaled_1b_gpu/tensorboard/'
I0616 13:51:44.890216 135666269119104 metric_logger.py:196] completed step: 17, seconds: 0.033, TFLOP/s/device: 5.694, Tokens/s/device: 964.960, total_weights: 32, loss: 0.000, lm_loss: 0.000, perplexity: 1.000
I0616 13:51:44.891791 135666269119104 metric_logger.py:281] To see full metrics 'tensorboard --logdir=/content/zenteiq_maxtext_outputs/dense_qwen_scaled_1b_gpu/tensorboard/'
I0616 13:51:44.923331 135666269119104 metric_logger.py:196] completed step: 18, seconds: 0.033, TFLOP/s/device: 5.730, Tokens/s/device: 970.962, total_weights: 32, loss: 0.000, lm_loss: 0.000, perplexity: 1.000
I0616 13:51:44.924794 135666269119104 metric_logger.py:281] To see full metrics 'tensorboard --logdir=/content/zenteiq_maxtext_outputs/dense_qwen_scaled_1b_gpu/tensorboard/'
I0616 13:51:44.956267 135666269119104 metric_logger.py:196] completed step: 19, seconds: 0.033, TFLOP/s/device: 5.702, Tokens/s/device: 966.242, total_weights: 32, loss: 0.000, lm_loss: 0.000, perplexity: 1.000
I0616 13:51:44.957736 135666269119104 metric_logger.py:281] To see full metrics 'tensorboard --logdir=/content/zenteiq_maxtext_outputs/dense_qwen_scaled_1b_gpu/tensorboard/'
I0616 13:51:44.989386 135666269119104 metric_logger.py:196] completed step: 20, seconds: 0.033, TFLOP/s/device: 5.727, Tokens/s/device: 970.520, total_weights: 32, loss: 0.000, lm_loss: 0.000, perplexity: 1.000
I0616 13:51:44.991001 135666269119104 metric_logger.py:281] To see full metrics 'tensorboard --logdir=/content/zenteiq_maxtext_outputs/dense_qwen_scaled_1b_gpu/tensorboard/'
I0616 13:51:45.022611 135666269119104 metric_logger.py:196] completed step: 21, seconds: 0.033, TFLOP/s/device: 5.705, Tokens/s/device: 966.680, total_weights: 32, loss: 0.000, lm_loss: 0.000, perplexity: 1.000
I0616 13:51:45.024136 135666269119104 metric_logger.py:281] To see full metrics 'tensorboard --logdir=/content/zenteiq_maxtext_outputs/dense_qwen_scaled_1b_gpu/tensorboard/'
I0616 13:51:45.055513 135666269119104 metric_logger.py:196] completed step: 22, seconds: 0.033, TFLOP/s/device: 5.705, Tokens/s/device: 966.797, total_weights: 32, loss: 0.000, lm_loss: 0.000, perplexity: 1.000
I0616 13:51:45.057103 135666269119104 metric_logger.py:281] To see full metrics 'tensorboard --logdir=/content/zenteiq_maxtext_outputs/dense_qwen_scaled_1b_gpu/tensorboard/'
I0616 13:51:45.088490 135666269119104 metric_logger.py:196] completed step: 23, seconds: 0.033, TFLOP/s/device: 5.727, Tokens/s/device: 970.403, total_weights: 32, loss: 0.000, lm_loss: 0.000, perplexity: 1.000
I0616 13:51:45.090006 135666269119104 metric_logger.py:281] To see full metrics 'tensorboard --logdir=/content/zenteiq_maxtext_outputs/dense_qwen_scaled_1b_gpu/tensorboard/'
I0616 13:51:45.121668 135666269119104 metric_logger.py:196] completed step: 24, seconds: 0.033, TFLOP/s/device: 5.718, Tokens/s/device: 968.992, total_weights: 32, loss: 0.000, lm_loss: 0.000, perplexity: 1.000
I0616 13:51:45.123165 135666269119104 metric_logger.py:281] To see full metrics 'tensorboard --logdir=/content/zenteiq_maxtext_outputs/dense_qwen_scaled_1b_gpu/tensorboard/'
I0616 13:51:45.154675 135666269119104 metric_logger.py:196] completed step: 25, seconds: 0.033, TFLOP/s/device: 5.715, Tokens/s/device: 968.406, total_weights: 32, loss: 0.000, lm_loss: 0.000, perplexity: 1.000
I0616 13:51:45.156098 135666269119104 metric_logger.py:281] To see full metrics 'tensorboard --logdir=/content/zenteiq_maxtext_outputs/dense_qwen_scaled_1b_gpu/tensorboard/'
I0616 13:51:45.187692 135666269119104 metric_logger.py:196] completed step: 26, seconds: 0.033, TFLOP/s/device: 5.719, Tokens/s/device: 969.110, total_weights: 32, loss: 0.000, lm_loss: 0.000, perplexity: 1.000
I0616 13:51:45.189110 135666269119104 metric_logger.py:281] To see full metrics 'tensorboard --logdir=/content/zenteiq_maxtext_outputs/dense_qwen_scaled_1b_gpu/tensorboard/'
I0616 13:51:45.220753 135666269119104 metric_logger.py:196] completed step: 27, seconds: 0.033, TFLOP/s/device: 5.713, Tokens/s/device: 968.083, total_weights: 32, loss: 0.000, lm_loss: 0.000, perplexity: 1.000
I0616 13:51:45.222283 135666269119104 metric_logger.py:281] To see full metrics 'tensorboard --logdir=/content/zenteiq_maxtext_outputs/dense_qwen_scaled_1b_gpu/tensorboard/'
I0616 13:51:45.253777 135666269119104 metric_logger.py:196] completed step: 28, seconds: 0.033, TFLOP/s/device: 5.715, Tokens/s/device: 968.435, total_weights: 32, loss: 0.000, lm_loss: 0.000, perplexity: 1.000
I0616 13:51:45.255275 135666269119104 metric_logger.py:281] To see full metrics 'tensorboard --logdir=/content/zenteiq_maxtext_outputs/dense_qwen_scaled_1b_gpu/tensorboard/'
I0616 13:51:45.286840 135666269119104 metric_logger.py:196] completed step: 29, seconds: 0.033, TFLOP/s/device: 5.718, Tokens/s/device: 968.875, total_weights: 32, loss: 0.000, lm_loss: 0.000, perplexity: 1.000
I0616 13:51:45.288254 135666269119104 metric_logger.py:281] To see full metrics 'tensorboard --logdir=/content/zenteiq_maxtext_outputs/dense_qwen_scaled_1b_gpu/tensorboard/'
I0616 13:51:45.319888 135666269119104 metric_logger.py:196] completed step: 30, seconds: 0.033, TFLOP/s/device: 5.719, Tokens/s/device: 969.110, total_weights: 32, loss: 0.000, lm_loss: 0.000, perplexity: 1.000
I0616 13:51:45.321377 135666269119104 metric_logger.py:281] To see full metrics 'tensorboard --logdir=/content/zenteiq_maxtext_outputs/dense_qwen_scaled_1b_gpu/tensorboard/'
I0616 13:51:45.352909 135666269119104 metric_logger.py:196] completed step: 31, seconds: 0.033, TFLOP/s/device: 5.714, Tokens/s/device: 968.347, total_weights: 32, loss: 0.000, lm_loss: 0.000, perplexity: 1.000
I0616 13:51:45.354300 135666269119104 metric_logger.py:281] To see full metrics 'tensorboard --logdir=/content/zenteiq_maxtext_outputs/dense_qwen_scaled_1b_gpu/tensorboard/'
I0616 13:51:45.385860 135666269119104 metric_logger.py:196] completed step: 32, seconds: 0.033, TFLOP/s/device: 5.718, Tokens/s/device: 968.875, total_weights: 32, loss: 0.000, lm_loss: 0.000, perplexity: 1.000
I0616 13:51:45.387340 135666269119104 metric_logger.py:281] To see full metrics 'tensorboard --logdir=/content/zenteiq_maxtext_outputs/dense_qwen_scaled_1b_gpu/tensorboard/'
I0616 13:51:45.419029 135666269119104 metric_logger.py:196] completed step: 33, seconds: 0.033, TFLOP/s/device: 5.718, Tokens/s/device: 968.875, total_weights: 32, loss: 0.000, lm_loss: 0.000, perplexity: 1.000
I0616 13:51:45.420453 135666269119104 metric_logger.py:281] To see full metrics 'tensorboard --logdir=/content/zenteiq_maxtext_outputs/dense_qwen_scaled_1b_gpu/tensorboard/'
I0616 13:51:45.452049 135666269119104 metric_logger.py:196] completed step: 34, seconds: 0.033, TFLOP/s/device: 5.701, Tokens/s/device: 966.125, total_weights: 32, loss: 0.000, lm_loss: 0.000, perplexity: 1.000
I0616 13:51:45.453504 135666269119104 metric_logger.py:281] To see full metrics 'tensorboard --logdir=/content/zenteiq_maxtext_outputs/dense_qwen_scaled_1b_gpu/tensorboard/'
I0616 13:51:45.485164 135666269119104 metric_logger.py:196] completed step: 35, seconds: 0.033, TFLOP/s/device: 5.721, Tokens/s/device: 969.521, total_weights: 32, loss: 0.000, lm_loss: 0.000, perplexity: 1.000
I0616 13:51:45.486647 135666269119104 metric_logger.py:281] To see full metrics 'tensorboard --logdir=/content/zenteiq_maxtext_outputs/dense_qwen_scaled_1b_gpu/tensorboard/'
I0616 13:51:45.518104 135666269119104 metric_logger.py:196] completed step: 36, seconds: 0.033, TFLOP/s/device: 5.700, Tokens/s/device: 965.921, total_weights: 32, loss: 0.000, lm_loss: 0.000, perplexity: 1.000
I0616 13:51:45.519675 135666269119104 metric_logger.py:281] To see full metrics 'tensorboard --logdir=/content/zenteiq_maxtext_outputs/dense_qwen_scaled_1b_gpu/tensorboard/'
I0616 13:51:45.551201 135666269119104 metric_logger.py:196] completed step: 37, seconds: 0.033, TFLOP/s/device: 5.730, Tokens/s/device: 971.021, total_weights: 32, loss: 0.000, lm_loss: 0.000, perplexity: 1.000
I0616 13:51:45.552687 135666269119104 metric_logger.py:281] To see full metrics 'tensorboard --logdir=/content/zenteiq_maxtext_outputs/dense_qwen_scaled_1b_gpu/tensorboard/'
I0616 13:51:45.584248 135666269119104 metric_logger.py:196] completed step: 38, seconds: 0.033, TFLOP/s/device: 5.712, Tokens/s/device: 967.879, total_weights: 32, loss: 0.000, lm_loss: 0.000, perplexity: 1.000
I0616 13:51:45.585778 135666269119104 metric_logger.py:281] To see full metrics 'tensorboard --logdir=/content/zenteiq_maxtext_outputs/dense_qwen_scaled_1b_gpu/tensorboard/'
I0616 13:51:45.617020 135666269119104 metric_logger.py:196] completed step: 39, seconds: 0.033, TFLOP/s/device: 5.717, Tokens/s/device: 968.728, total_weights: 32, loss: 0.000, lm_loss: 0.000, perplexity: 1.000
I0616 13:51:45.617967 135666269119104 metric_logger.py:281] To see full metrics 'tensorboard --logdir=/content/zenteiq_maxtext_outputs/dense_qwen_scaled_1b_gpu/tensorboard/'
I0616 13:51:45.650055 135666269119104 metric_logger.py:196] completed step: 40, seconds: 0.033, TFLOP/s/device: 5.720, Tokens/s/device: 969.344, total_weights: 32, loss: 0.000, lm_loss: 0.000, perplexity: 1.000
I0616 13:51:45.651051 135666269119104 metric_logger.py:281] To see full metrics 'tensorboard --logdir=/content/zenteiq_maxtext_outputs/dense_qwen_scaled_1b_gpu/tensorboard/'
I0616 13:51:45.683095 135666269119104 metric_logger.py:196] completed step: 41, seconds: 0.033, TFLOP/s/device: 5.714, Tokens/s/device: 968.289, total_weights: 32, loss: 0.000, lm_loss: 0.000, perplexity: 1.000
I0616 13:51:45.684096 135666269119104 metric_logger.py:281] To see full metrics 'tensorboard --logdir=/content/zenteiq_maxtext_outputs/dense_qwen_scaled_1b_gpu/tensorboard/'
I0616 13:51:45.716149 135666269119104 metric_logger.py:196] completed step: 42, seconds: 0.033, TFLOP/s/device: 5.716, Tokens/s/device: 968.670, total_weights: 32, loss: 0.000, lm_loss: 0.000, perplexity: 1.000
I0616 13:51:45.717103 135666269119104 metric_logger.py:281] To see full metrics 'tensorboard --logdir=/content/zenteiq_maxtext_outputs/dense_qwen_scaled_1b_gpu/tensorboard/'
I0616 13:51:45.749197 135666269119104 metric_logger.py:196] completed step: 43, seconds: 0.033, TFLOP/s/device: 5.714, Tokens/s/device: 968.289, total_weights: 32, loss: 0.000, lm_loss: 0.000, perplexity: 1.000
I0616 13:51:45.750181 135666269119104 metric_logger.py:281] To see full metrics 'tensorboard --logdir=/content/zenteiq_maxtext_outputs/dense_qwen_scaled_1b_gpu/tensorboard/'
I0616 13:51:45.782449 135666269119104 metric_logger.py:196] completed step: 44, seconds: 0.033, TFLOP/s/device: 5.715, Tokens/s/device: 968.406, total_weights: 32, loss: 0.000, lm_loss: 0.000, perplexity: 1.000
I0616 13:51:45.783789 135666269119104 metric_logger.py:281] To see full metrics 'tensorboard --logdir=/content/zenteiq_maxtext_outputs/dense_qwen_scaled_1b_gpu/tensorboard/'
I0616 13:51:45.815489 135666269119104 metric_logger.py:196] completed step: 45, seconds: 0.033, TFLOP/s/device: 5.719, Tokens/s/device: 969.139, total_weights: 32, loss: 0.000, lm_loss: 0.000, perplexity: 1.000
I0616 13:51:45.816846 135666269119104 metric_logger.py:281] To see full metrics 'tensorboard --logdir=/content/zenteiq_maxtext_outputs/dense_qwen_scaled_1b_gpu/tensorboard/'
I0616 13:51:45.848512 135666269119104 metric_logger.py:196] completed step: 46, seconds: 0.033, TFLOP/s/device: 5.706, Tokens/s/device: 966.913, total_weights: 32, loss: 0.000, lm_loss: 0.000, perplexity: 1.000
I0616 13:51:45.849844 135666269119104 metric_logger.py:281] To see full metrics 'tensorboard --logdir=/content/zenteiq_maxtext_outputs/dense_qwen_scaled_1b_gpu/tensorboard/'
I0616 13:51:45.881524 135666269119104 metric_logger.py:196] completed step: 47, seconds: 0.033, TFLOP/s/device: 5.718, Tokens/s/device: 969.022, total_weights: 32, loss: 0.000, lm_loss: 0.000, perplexity: 1.000
I0616 13:51:45.882796 135666269119104 metric_logger.py:281] To see full metrics 'tensorboard --logdir=/content/zenteiq_maxtext_outputs/dense_qwen_scaled_1b_gpu/tensorboard/'
I0616 13:51:45.914602 135666269119104 metric_logger.py:196] completed step: 48, seconds: 0.033, TFLOP/s/device: 5.701, Tokens/s/device: 966.067, total_weights: 32, loss: 0.000, lm_loss: 0.000, perplexity: 1.000
I0616 13:51:45.915919 135666269119104 metric_logger.py:281] To see full metrics 'tensorboard --logdir=/content/zenteiq_maxtext_outputs/dense_qwen_scaled_1b_gpu/tensorboard/'
I0616 13:51:45.940467 135666269119104 metric_logger.py:196] completed step: 49, seconds: 0.033, TFLOP/s/device: 5.728, Tokens/s/device: 970.638, total_weights: 32, loss: 0.000, lm_loss: 0.000, perplexity: 1.000
I0616 13:51:45.941808 135666269119104 metric_logger.py:281] To see full metrics 'tensorboard --logdir=/content/zenteiq_maxtext_outputs/dense_qwen_scaled_1b_gpu/tensorboard/'
[DECOUPLED NO-OP] gcs_storage: using stubs.
[DECOUPLED NO-OP] mldiagnostics: using stub.
[DECOUPLED NO-OP] mldiagnostics: using stub.
[DECOUPLED NO-OP] mldiagnostics: using stub.
[DECOUPLED NO-OP] workload_monitor: using stub.
[DECOUPLED NO-OP] vertex_tensorboard: using stub.
Per train step:
 Total TFLOPs: 0.19 
 split as 99.73% learnable weight flops and 0.27% attention flops
