/usr/bin/python3 -m maxtext.trainers.pre_train.train steps=50 dataset_type=synthetic per_device_batch_size=1 max_target_length=32 log_period=1 enable_checkpointing=false async_checkpointing=false save_checkpoint_on_completion=false enable_tensorboard=true gcs_metrics=false save_config_to_gcs=false dtype=bfloat16 weight_dtype=bfloat16 grad_dtype=float32 attention=dot_product remat_policy=full scan_layers=true skip_jax_distributed_system=true base_output_directory=/content/zenteiq_maxtext_outputs override_model_config=true base_emb_dim=1024 base_num_query_heads=8 base_num_kv_heads=8 base_mlp_dim=4096 base_moe_mlp_dim=768 base_num_decoder_layers=12 first_num_dense_layers=2 vocab_size=102400 num_experts=8 num_experts_per_tok=2 shared_experts=1 sparse_matmul=false megablox=false routed_scaling_factor=1.0 routed_score_func=softmax routed_bias=false q_lora_rank=0 kv_lora_rank=256 qk_nope_head_dim=64 qk_rope_head_dim=32 v_head_dim=128 max_position_embeddings=4096 original_max_position_embeddings=4096 rope_factor=1 model_name=deepseek2-16b run_name=moe_deepseek_under_1b_gpu hardware=gpu

2026-06-16 13:51:55.089265: I tensorflow/core/util/port.cc:153] oneDNN custom operations are on. You may see slightly different numerical results due to floating-point round-off errors from different computation orders. To turn them off, set the environment variable `TF_ENABLE_ONEDNN_OPTS=0`.
2026-06-16 13:51:55.158343: I tensorflow/core/platform/cpu_feature_guard.cc:210] This TensorFlow binary is optimized to use available CPU instructions in performance-critical operations.
To enable the following instructions: AVX2 AVX512F AVX512_VNNI FMA, in other operations, rebuild TensorFlow with the appropriate compiler flags.
2026-06-16 13:51:56.891453: I tensorflow/core/util/port.cc:153] oneDNN custom operations are on. You may see slightly different numerical results due to floating-point round-off errors from different computation orders. To turn them off, set the environment variable `TF_ENABLE_ONEDNN_OPTS=0`.
WARNING:absl:Grain multiprocess worker profiling requires jaxlib extension version 448 or later (jaxlib >= 0.11.0). Current version: 420.
[transformers] DeepseekV32Config got `key=rope_scaling` in kwargs but hasn't set it as attribute. For RoPE standardization you need to set `self.rope_parameters` in model's config. 
W0616 13:52:02.748550 138061349585536 pyconfig.py:100] No config file provided, using default config mapping: /usr/local/lib/python3.12/dist-packages/maxtext/configs/base.yml
I0616 13:52:03.018934 138061349585536 max_utils.py:243] Skipping jax distributed system due to skip_jax_distributed_system=True flag.
I0616 13:52:03.091952    3883 pjrt_api.cc:118] GetPjrtApi was found for cuda at /usr/local/lib/python3.12/dist-packages/jax_plugins/xla_cuda12/xla_cuda_plugin.so
I0616 13:52:03.092067    3883 pjrt_api.cc:96] PJRT_Api is set for device type cuda
I0616 13:52:03.092460    3883 pjrt_api.cc:167] The PJRT plugin has PJRT API version 0.100. The framework PJRT API version is 0.100.
I0616 13:52:03.338188    3883 service.cc:154] XLA service 0x3b325ad0 initialized for platform CUDA (this does not guarantee that XLA will be used). Devices:
I0616 13:52:03.338228    3883 service.cc:170]   StreamExecutor [0]: NVIDIA A100-SXM4-80GB, Compute Capability 8.0 (Driver: 13.0.0[580.82.7]; Runtime: 12.9.0; Toolkit: 12.9.0; DNN: 9.20.0)
I0616 13:52:03.338768    3883 se_gpu_pjrt_client.cc:1496] Using BFC allocator.
I0616 13:52:03.338820    3883 gpu_helpers.cc:141] XLA backend allocating 63821119488 bytes on device 0 for BFCAllocator.
I0616 13:52:03.338857    3883 gpu_helpers.cc:183] XLA backend will use up to 21273706496 bytes on device 0 for CollectiveBFCAllocator.
I0616 13:52:03.348417    3883 cuda_dnn.cc:461] Loaded cuDNN version 92000
I0616 13:52:03.348740    3883 pjrt_c_api_client.cc:182] PjRtCApiClient created.
I0616 13:52:03.348804    3883 pjrt_client.cc:569] PjRt-IFRT device count: total=1, addressable=1
I0616 13:52:03.348816    3883 pjrt_client.cc:573] Addressable PjRt-IFRT device: CudaDevice(id=0)
I0616 13:52:03.350146 138061349585536 pyconfig.py:457] Config param abort_on_inf_loss: True
I0616 13:52:03.350286 138061349585536 pyconfig.py:457] Config param abort_on_nan_loss: True
I0616 13:52:03.350346 138061349585536 pyconfig.py:457] Config param act_quantization_calibration_method: absmax
I0616 13:52:03.350383 138061349585536 pyconfig.py:457] Config param activation_dropout_for_audio: 0.0
I0616 13:52:03.350417 138061349585536 pyconfig.py:457] Config param activation_function_for_audio: gelu
I0616 13:52:03.350447 138061349585536 pyconfig.py:457] Config param activations_in_float32: False
I0616 13:52:03.350476 138061349585536 pyconfig.py:457] Config param adam_b1: 0.9
I0616 13:52:03.350507 138061349585536 pyconfig.py:457] Config param adam_b2: 0.95
I0616 13:52:03.350555 138061349585536 pyconfig.py:457] Config param adam_eps: 1e-08
I0616 13:52:03.350589 138061349585536 pyconfig.py:457] Config param adam_eps_root: 0.0
I0616 13:52:03.350618 138061349585536 pyconfig.py:457] Config param adam_weight_decay: 0.1
I0616 13:52:03.350646 138061349585536 pyconfig.py:457] Config param adamw_mask: []
I0616 13:52:03.350675 138061349585536 pyconfig.py:457] Config param add_bos: True
I0616 13:52:03.350709 138061349585536 pyconfig.py:457] Config param add_eos: True
I0616 13:52:03.350737 138061349585536 pyconfig.py:457] Config param allow_split_physical_axes: False
I0616 13:52:03.350764 138061349585536 pyconfig.py:457] Config param ar_cache_axis_order: 1,2,0,3
I0616 13:52:03.350791 138061349585536 pyconfig.py:457] Config param async_checkpointing: False
I0616 13:52:03.350815 138061349585536 pyconfig.py:457] Config param async_scheduling: False
I0616 13:52:03.350842 138061349585536 pyconfig.py:457] Config param attention: dot_product
I0616 13:52:03.350868 138061349585536 pyconfig.py:457] Config param attention_bias: False
I0616 13:52:03.350896 138061349585536 pyconfig.py:457] Config param attention_dropout_for_audio: 0.0
I0616 13:52:03.350923 138061349585536 pyconfig.py:457] Config param attention_out: RematLocation.REMAT
I0616 13:52:03.350956 138061349585536 pyconfig.py:457] Config param attention_output_dim: -1
I0616 13:52:03.350985 138061349585536 pyconfig.py:457] Config param attention_sink: False
I0616 13:52:03.351012 138061349585536 pyconfig.py:457] Config param attention_type: mla
I0616 13:52:03.351041 138061349585536 pyconfig.py:457] Config param attn_logits_soft_cap: None
I0616 13:52:03.351069 138061349585536 pyconfig.py:457] Config param audio_path: 
I0616 13:52:03.351096 138061349585536 pyconfig.py:457] Config param audio_placeholder: <|audio|>
I0616 13:52:03.351124 138061349585536 pyconfig.py:457] Config param autoregressive_decode_assert: 
I0616 13:52:03.351150 138061349585536 pyconfig.py:457] Config param base_config: None
I0616 13:52:03.351176 138061349585536 pyconfig.py:457] Config param base_emb_dim: 1024
I0616 13:52:03.351203 138061349585536 pyconfig.py:457] Config param base_mlp_dim: 4096
I0616 13:52:03.351229 138061349585536 pyconfig.py:457] Config param base_moe_mlp_dim: 768
I0616 13:52:03.351255 138061349585536 pyconfig.py:457] Config param base_num_decoder_layers: 12
I0616 13:52:03.351281 138061349585536 pyconfig.py:457] Config param base_num_kv_heads: 8
I0616 13:52:03.351320 138061349585536 pyconfig.py:457] Config param base_num_query_heads: 8
I0616 13:52:03.351366 138061349585536 pyconfig.py:457] Config param base_output_directory: /content/zenteiq_maxtext_outputs
I0616 13:52:03.351395 138061349585536 pyconfig.py:457] Config param batch_size: 1
I0616 13:52:03.351423 138061349585536 pyconfig.py:457] Config param batch_split_factor: 1
I0616 13:52:03.351452 138061349585536 pyconfig.py:457] Config param beta_fast: 32
I0616 13:52:03.351482 138061349585536 pyconfig.py:457] Config param beta_slow: 1
I0616 13:52:03.351509 138061349585536 pyconfig.py:457] Config param bwd_quantization_calibration_method: absmax
I0616 13:52:03.351537 138061349585536 pyconfig.py:457] Config param capacity_factor: -1.0
I0616 13:52:03.351562 138061349585536 pyconfig.py:457] Config param cast_logits_to_fp32: True
I0616 13:52:03.351588 138061349585536 pyconfig.py:457] Config param chat_template: 
I0616 13:52:03.351615 138061349585536 pyconfig.py:457] Config param chat_template_path: 
I0616 13:52:03.351638 138061349585536 pyconfig.py:457] Config param checkpoint_conversion_fn: None
I0616 13:52:03.351660 138061349585536 pyconfig.py:457] Config param checkpoint_dir: /content/zenteiq_maxtext_outputs/moe_deepseek_under_1b_gpu/checkpoints/
I0616 13:52:03.351695 138061349585536 pyconfig.py:457] Config param checkpoint_is_quantized: False
I0616 13:52:03.351745 138061349585536 pyconfig.py:457] Config param checkpoint_period: 10000
I0616 13:52:03.351774 138061349585536 pyconfig.py:457] Config param checkpoint_storage_concurrent_gb: 96
I0616 13:52:03.351814 138061349585536 pyconfig.py:457] Config param checkpoint_storage_target_data_file_size_bytes: 2147483648
I0616 13:52:03.351858 138061349585536 pyconfig.py:457] Config param checkpoint_storage_use_ocdbt: True
I0616 13:52:03.351888 138061349585536 pyconfig.py:457] Config param checkpoint_storage_use_zarr3: True
I0616 13:52:03.351925 138061349585536 pyconfig.py:457] Config param checkpoint_todelete_full_path: None
I0616 13:52:03.351965 138061349585536 pyconfig.py:457] Config param checkpoint_todelete_subdir: None
I0616 13:52:03.351995 138061349585536 pyconfig.py:457] Config param chips_per_vm: 4
I0616 13:52:03.352039 138061349585536 pyconfig.py:457] Config param chunk_attn_window_size: 0
I0616 13:52:03.352083 138061349585536 pyconfig.py:457] Config param collect_stack_trace: False
I0616 13:52:03.352117 138061349585536 pyconfig.py:457] Config param colocated_python_checkpointing: False
I0616 13:52:03.352162 138061349585536 pyconfig.py:457] Config param colocated_python_data_input: False
I0616 13:52:03.352199 138061349585536 pyconfig.py:457] Config param compile_topology: 
I0616 13:52:03.352226 138061349585536 pyconfig.py:457] Config param compile_topology_num_slices: -1
I0616 13:52:03.352253 138061349585536 pyconfig.py:457] Config param compile_xla_flags: 
I0616 13:52:03.352279 138061349585536 pyconfig.py:457] Config param compiled_trainstep_file: 
I0616 13:52:03.352320 138061349585536 pyconfig.py:457] Config param compute_axis_order: 0,1,2,3
I0616 13:52:03.352349 138061349585536 pyconfig.py:457] Config param constant_bound_config: []
I0616 13:52:03.352376 138061349585536 pyconfig.py:457] Config param context: RematLocation.REMAT
I0616 13:52:03.352406 138061349585536 pyconfig.py:457] Config param context_parallel_load_balance: True
I0616 13:52:03.352432 138061349585536 pyconfig.py:457] Config param context_parallel_reorder_strategy: ReorderStrategy.AUTO
I0616 13:52:03.352464 138061349585536 pyconfig.py:457] Config param context_parallel_size: 1
I0616 13:52:03.352490 138061349585536 pyconfig.py:457] Config param context_parallel_strategy: all_gather
I0616 13:52:03.352518 138061349585536 pyconfig.py:457] Config param context_sharding: context
I0616 13:52:03.352544 138061349585536 pyconfig.py:457] Config param conv_chunksize_for_audio: 500
I0616 13:52:03.352570 138061349585536 pyconfig.py:457] Config param conv_stride_for_vit: 14
I0616 13:52:03.352597 138061349585536 pyconfig.py:457] Config param convert_checkpoint_if_possible: False
I0616 13:52:03.352622 138061349585536 pyconfig.py:457] Config param cost_estimate_flops_bwd: -1
I0616 13:52:03.352649 138061349585536 pyconfig.py:457] Config param cost_estimate_flops_fwd: -1
I0616 13:52:03.352674 138061349585536 pyconfig.py:457] Config param custom_mesh: 
I0616 13:52:03.352705 138061349585536 pyconfig.py:457] Config param custom_mesh_and_rule: CustomRule.DEFAULT
I0616 13:52:03.352736 138061349585536 pyconfig.py:457] Config param d_model_for_audio: 256
I0616 13:52:03.352763 138061349585536 pyconfig.py:457] Config param data_sharding: (('data', 'stage', 'fsdp', 'fsdp_transpose', 'context', 'context_autoregressive', 'tensor', 'tensor_transpose', 'tensor_sequence', 'expert', 'autoregressive'),)
I0616 13:52:03.352797 138061349585536 pyconfig.py:457] Config param data_shuffle_seed: 0
I0616 13:52:03.352823 138061349585536 pyconfig.py:457] Config param dataset_name: c4/en:3.0.1
I0616 13:52:03.352849 138061349585536 pyconfig.py:457] Config param dataset_path: 
I0616 13:52:03.352875 138061349585536 pyconfig.py:457] Config param dataset_type: DatasetType.SYNTHETIC
I0616 13:52:03.352905 138061349585536 pyconfig.py:457] Config param dcn_autoregressive_parallelism: 1
I0616 13:52:03.352931 138061349585536 pyconfig.py:457] Config param dcn_context_autoregressive_parallelism: 1
I0616 13:52:03.352957 138061349585536 pyconfig.py:457] Config param dcn_context_parallelism: 1
I0616 13:52:03.352982 138061349585536 pyconfig.py:457] Config param dcn_data_parallelism: -1
I0616 13:52:03.353008 138061349585536 pyconfig.py:457] Config param dcn_diloco_parallelism: 1
I0616 13:52:03.353034 138061349585536 pyconfig.py:457] Config param dcn_expert_parallelism: 1
I0616 13:52:03.353059 138061349585536 pyconfig.py:457] Config param dcn_fsdp_parallelism: 1
I0616 13:52:03.353085 138061349585536 pyconfig.py:457] Config param dcn_fsdp_transpose_parallelism: 1
I0616 13:52:03.353111 138061349585536 pyconfig.py:457] Config param dcn_parallelism: [1, -1, 1, 1, 1, 1, 1, 1, 1, 1, 1, 1]
I0616 13:52:03.353140 138061349585536 pyconfig.py:457] Config param dcn_pipeline_parallelism: 1
I0616 13:52:03.353166 138061349585536 pyconfig.py:457] Config param dcn_sequence_parallelism: 1
I0616 13:52:03.353192 138061349585536 pyconfig.py:457] Config param dcn_tensor_parallelism: 1
I0616 13:52:03.353218 138061349585536 pyconfig.py:457] Config param dcn_tensor_sequence_parallelism: 1
I0616 13:52:03.353244 138061349585536 pyconfig.py:457] Config param dcn_tensor_transpose_parallelism: 1
I0616 13:52:03.353270 138061349585536 pyconfig.py:457] Config param debug: {'rl': False}
I0616 13:52:03.353297 138061349585536 pyconfig.py:457] Config param debug_converter: False
I0616 13:52:03.353337 138061349585536 pyconfig.py:457] Config param debug_sharding: False
I0616 13:52:03.353364 138061349585536 pyconfig.py:457] Config param decode_sampling_nucleus_p: -1
I0616 13:52:03.353390 138061349585536 pyconfig.py:457] Config param decode_sampling_strategy: SamplingStrategy.GREEDY
I0616 13:52:03.353432 138061349585536 pyconfig.py:457] Config param decode_sampling_temperature: 1.0
I0616 13:52:03.353471 138061349585536 pyconfig.py:457] Config param decode_sampling_top_k: 0
I0616 13:52:03.353497 138061349585536 pyconfig.py:457] Config param decoder_block: DecoderBlockType.DEEPSEEK
I0616 13:52:03.353544 138061349585536 pyconfig.py:457] Config param decoder_layer_input: RematLocation.DEVICE
I0616 13:52:03.353585 138061349585536 pyconfig.py:457] Config param deepstack_visual_indexes_for_vit: []
I0616 13:52:03.353613 138061349585536 pyconfig.py:457] Config param degenerate_group_masking: True
I0616 13:52:03.353649 138061349585536 pyconfig.py:457] Config param dense_init_scale: 1.0
I0616 13:52:03.353692 138061349585536 pyconfig.py:457] Config param diloco_outer_lr: 0.3
I0616 13:52:03.353726 138061349585536 pyconfig.py:457] Config param diloco_outer_momentum: 0.9
I0616 13:52:03.353769 138061349585536 pyconfig.py:457] Config param diloco_sync_period: 36
I0616 13:52:03.353808 138061349585536 pyconfig.py:457] Config param distill_alpha: 0.5
I0616 13:52:03.353845 138061349585536 pyconfig.py:457] Config param distill_alpha_end: None
I0616 13:52:03.353892 138061349585536 pyconfig.py:457] Config param distill_alpha_schedule: constant
I0616 13:52:03.353931 138061349585536 pyconfig.py:457] Config param distill_beta: 0.0
I0616 13:52:03.353977 138061349585536 pyconfig.py:457] Config param distill_beta_end: None
I0616 13:52:03.354016 138061349585536 pyconfig.py:457] Config param distill_beta_schedule: constant
I0616 13:52:03.354061 138061349585536 pyconfig.py:457] Config param distill_feature_loss_type: cosine
I0616 13:52:03.354104 138061349585536 pyconfig.py:457] Config param distill_layer_indices: None
I0616 13:52:03.354141 138061349585536 pyconfig.py:457] Config param distill_student_weights_share_map: {}
I0616 13:52:03.354188 138061349585536 pyconfig.py:457] Config param distill_temperature: 1.0
I0616 13:52:03.354225 138061349585536 pyconfig.py:457] Config param distill_temperature_end: None
I0616 13:52:03.354270 138061349585536 pyconfig.py:457] Config param distill_temperature_schedule: constant
I0616 13:52:03.354323 138061349585536 pyconfig.py:457] Config param distill_weights_copy_map: {}
I0616 13:52:03.354369 138061349585536 pyconfig.py:457] Config param downsample_hidden_size_for_audio: 256
I0616 13:52:03.354406 138061349585536 pyconfig.py:457] Config param dpo_beta: 0.1
I0616 13:52:03.354452 138061349585536 pyconfig.py:457] Config param dpo_label_smoothing: 0.0
I0616 13:52:03.354496 138061349585536 pyconfig.py:457] Config param dq_reduction_steps: 0
I0616 13:52:03.354534 138061349585536 pyconfig.py:457] Config param dropout_rate: 0.0
I0616 13:52:03.354576 138061349585536 pyconfig.py:457] Config param dtype: bfloat16
I0616 13:52:03.354645 138061349585536 pyconfig.py:457] Config param dtype_mm: float32
I0616 13:52:03.354693 138061349585536 pyconfig.py:457] Config param dump_hlo: False
I0616 13:52:03.354736 138061349585536 pyconfig.py:457] Config param dump_hlo_delete_local_after: True
I0616 13:52:03.354780 138061349585536 pyconfig.py:457] Config param dump_hlo_gcs_dir: /content/zenteiq_maxtext_outputs/moe_deepseek_under_1b_gpu/xla_dump
I0616 13:52:03.354821 138061349585536 pyconfig.py:457] Config param dump_hlo_local_dir: /tmp/xla_dump/
I0616 13:52:03.354861 138061349585536 pyconfig.py:457] Config param dump_hlo_local_module_name: jit_train_step
I0616 13:52:03.354905 138061349585536 pyconfig.py:457] Config param dump_hlo_module_name: jit_train_step
I0616 13:52:03.354941 138061349585536 pyconfig.py:457] Config param dump_hlo_upload_all: False
I0616 13:52:03.354985 138061349585536 pyconfig.py:457] Config param dump_hlo_xla_flags: --xla_dump_to=/tmp/xla_dump/ --xla_dump_large_constants --xla_dump_hlo_module_re=jit_train_step
I0616 13:52:03.355017 138061349585536 pyconfig.py:457] Config param dump_jaxpr: False
I0616 13:52:03.355044 138061349585536 pyconfig.py:457] Config param dump_jaxpr_delete_local_after: True
I0616 13:52:03.355070 138061349585536 pyconfig.py:457] Config param dump_jaxpr_gcs_dir: /content/zenteiq_maxtext_outputs/moe_deepseek_under_1b_gpu/jaxpr_dump
I0616 13:52:03.355096 138061349585536 pyconfig.py:457] Config param dump_jaxpr_local_dir: /tmp/jaxpr_dump/
I0616 13:52:03.355130 138061349585536 pyconfig.py:457] Config param dump_step: -1
I0616 13:52:03.355173 138061349585536 pyconfig.py:457] Config param elastic_enabled: False
I0616 13:52:03.355217 138061349585536 pyconfig.py:457] Config param elastic_max_retries: 10
I0616 13:52:03.355248 138061349585536 pyconfig.py:457] Config param elastic_min_slice_count: -1
I0616 13:52:03.355275 138061349585536 pyconfig.py:457] Config param elastic_timeout_seconds: 300
I0616 13:52:03.355301 138061349585536 pyconfig.py:457] Config param emb_dim: 1024
I0616 13:52:03.355355 138061349585536 pyconfig.py:457] Config param enable_autocheckpoint: False
I0616 13:52:03.355399 138061349585536 pyconfig.py:457] Config param enable_checkpoint_cloud_logger: False
I0616 13:52:03.355427 138061349585536 pyconfig.py:457] Config param enable_checkpointing: False
I0616 13:52:03.355456 138061349585536 pyconfig.py:457] Config param enable_continuous_checkpointing: False
I0616 13:52:03.355482 138061349585536 pyconfig.py:457] Config param enable_data_shuffling: True
I0616 13:52:03.355508 138061349585536 pyconfig.py:457] Config param enable_diloco: False
I0616 13:52:03.355534 138061349585536 pyconfig.py:457] Config param enable_dp_attention: False
I0616 13:52:03.355561 138061349585536 pyconfig.py:457] Config param enable_dropout: False
I0616 13:52:03.355585 138061349585536 pyconfig.py:457] Config param enable_emergency_checkpoint: False
I0616 13:52:03.355611 138061349585536 pyconfig.py:457] Config param enable_expert_parallel: False
I0616 13:52:03.355638 138061349585536 pyconfig.py:457] Config param enable_gcp_goodput_metrics: True
I0616 13:52:03.355663 138061349585536 pyconfig.py:457] Config param enable_gcp_step_deviation_metrics: True
I0616 13:52:03.355689 138061349585536 pyconfig.py:457] Config param enable_goodput_recording: False
I0616 13:52:03.355721 138061349585536 pyconfig.py:457] Config param enable_jax_profiler: False
I0616 13:52:03.355747 138061349585536 pyconfig.py:457] Config param enable_llm_inference_pool: False
I0616 13:52:03.355772 138061349585536 pyconfig.py:457] Config param enable_model_warmup: False
I0616 13:52:03.355798 138061349585536 pyconfig.py:457] Config param enable_multi_tier_checkpointing: False
I0616 13:52:03.355824 138061349585536 pyconfig.py:457] Config param enable_nnx: False
I0616 13:52:03.355850 138061349585536 pyconfig.py:457] Config param enable_orbax_v1: False
I0616 13:52:03.355875 138061349585536 pyconfig.py:457] Config param enable_padding_causal_mask: True
I0616 13:52:03.355901 138061349585536 pyconfig.py:457] Config param enable_pathways_goodput: False
I0616 13:52:03.355926 138061349585536 pyconfig.py:457] Config param enable_prefix_caching: False
I0616 13:52:03.355952 138061349585536 pyconfig.py:457] Config param enable_rampup_batch_size: False
I0616 13:52:03.355978 138061349585536 pyconfig.py:457] Config param enable_single_controller: False
I0616 13:52:03.356004 138061349585536 pyconfig.py:457] Config param enable_single_replica_ckpt_restoring: False
I0616 13:52:03.356030 138061349585536 pyconfig.py:457] Config param enable_tensorboard: True
I0616 13:52:03.356055 138061349585536 pyconfig.py:457] Config param enable_tpu_profiling_options: False
I0616 13:52:03.356081 138061349585536 pyconfig.py:457] Config param enable_tunix_perf_metrics: False
I0616 13:52:03.356106 138061349585536 pyconfig.py:457] Config param encoder_attention_heads_for_audio: 4
I0616 13:52:03.356132 138061349585536 pyconfig.py:457] Config param encoder_ffn_dim_for_audio: 512
I0616 13:52:03.356155 138061349585536 pyconfig.py:457] Config param encoder_layers_for_audio: 2
I0616 13:52:03.356180 138061349585536 pyconfig.py:457] Config param engram: RematLocation.REMAT
I0616 13:52:03.356208 138061349585536 pyconfig.py:457] Config param engram_head_dim: 1280
I0616 13:52:03.356235 138061349585536 pyconfig.py:457] Config param engram_kernel_size: 4
I0616 13:52:03.356260 138061349585536 pyconfig.py:457] Config param engram_layers: []
I0616 13:52:03.356286 138061349585536 pyconfig.py:457] Config param engram_max_ngram_size: 3
I0616 13:52:03.356355 138061349585536 pyconfig.py:457] Config param engram_num_heads: 8
I0616 13:52:03.356386 138061349585536 pyconfig.py:457] Config param engram_seed: 0
I0616 13:52:03.356423 138061349585536 pyconfig.py:457] Config param engram_vocab_bases: []
I0616 13:52:03.356466 138061349585536 pyconfig.py:457] Config param epsilon_high: None
I0616 13:52:03.356508 138061349585536 pyconfig.py:457] Config param eval_corr_lst: False
I0616 13:52:03.356535 138061349585536 pyconfig.py:457] Config param eval_data_columns: ['text']
I0616 13:52:03.356575 138061349585536 pyconfig.py:457] Config param eval_dataset_name: c4/en:3.0.1
I0616 13:52:03.356622 138061349585536 pyconfig.py:457] Config param eval_image_column: image
I0616 13:52:03.356651 138061349585536 pyconfig.py:457] Config param eval_interval: -1
I0616 13:52:03.356693 138061349585536 pyconfig.py:457] Config param eval_make_lst: False
I0616 13:52:03.356744 138061349585536 pyconfig.py:457] Config param eval_mode: pass
I0616 13:52:03.356782 138061349585536 pyconfig.py:457] Config param eval_per_device_batch_size: 1
I0616 13:52:03.356828 138061349585536 pyconfig.py:457] Config param eval_sampling_strategy: greedy
I0616 13:52:03.356866 138061349585536 pyconfig.py:457] Config param eval_split: validation
I0616 13:52:03.356907 138061349585536 pyconfig.py:457] Config param eval_steps: -1
I0616 13:52:03.356951 138061349585536 pyconfig.py:457] Config param expansion_factor_real_data: -1.0
I0616 13:52:03.356990 138061349585536 pyconfig.py:457] Config param final_logits_soft_cap: None
I0616 13:52:03.357036 138061349585536 pyconfig.py:457] Config param first_num_dense_layers: 2
I0616 13:52:03.357079 138061349585536 pyconfig.py:457] Config param float32_gate_logits: False
I0616 13:52:03.357119 138061349585536 pyconfig.py:457] Config param float32_logits: False
I0616 13:52:03.357163 138061349585536 pyconfig.py:457] Config param float32_qk_product: False
I0616 13:52:03.357201 138061349585536 pyconfig.py:457] Config param float32_weight_sum: True
I0616 13:52:03.357245 138061349585536 pyconfig.py:457] Config param force_q_layout: False
I0616 13:52:03.357289 138061349585536 pyconfig.py:457] Config param force_unroll: False
I0616 13:52:03.357336 138061349585536 pyconfig.py:457] Config param formatting_func_kwargs: {}
I0616 13:52:03.357382 138061349585536 pyconfig.py:457] Config param formatting_func_path: 
I0616 13:52:03.357425 138061349585536 pyconfig.py:457] Config param freeze_audio_encoder_params: True
I0616 13:52:03.357461 138061349585536 pyconfig.py:457] Config param freeze_vision_encoder_params: True
I0616 13:52:03.357507 138061349585536 pyconfig.py:457] Config param fused_mlp: False
I0616 13:52:03.357548 138061349585536 pyconfig.py:457] Config param fused_qkv: False
I0616 13:52:03.357589 138061349585536 pyconfig.py:457] Config param gcs_debug_path: 
I0616 13:52:03.357633 138061349585536 pyconfig.py:457] Config param gcs_metrics: False
I0616 13:52:03.357669 138061349585536 pyconfig.py:457] Config param gdn_chunk_size: 64
I0616 13:52:03.357718 138061349585536 pyconfig.py:457] Config param gdn_conv_kernel_dim: 4
I0616 13:52:03.357756 138061349585536 pyconfig.py:457] Config param gdn_key_head_dim: 128
I0616 13:52:03.357798 138061349585536 pyconfig.py:457] Config param gdn_num_key_heads: 16
I0616 13:52:03.357842 138061349585536 pyconfig.py:457] Config param gdn_num_value_heads: 32
I0616 13:52:03.357880 138061349585536 pyconfig.py:457] Config param gdn_value_head_dim: 128
I0616 13:52:03.357925 138061349585536 pyconfig.py:457] Config param generate_padding_batch_eval: False
I0616 13:52:03.357962 138061349585536 pyconfig.py:457] Config param generate_padding_batch_train: False
I0616 13:52:03.358008 138061349585536 pyconfig.py:457] Config param generate_slice: v5e-16
I0616 13:52:03.358044 138061349585536 pyconfig.py:457] Config param generation_configs: {}
I0616 13:52:03.358071 138061349585536 pyconfig.py:457] Config param global_batch_size_to_eval_on: 1
I0616 13:52:03.358098 138061349585536 pyconfig.py:457] Config param global_batch_size_to_load: 1
I0616 13:52:03.358124 138061349585536 pyconfig.py:457] Config param global_batch_size_to_load_eval: 1
I0616 13:52:03.358150 138061349585536 pyconfig.py:457] Config param global_batch_size_to_load_increment: None
I0616 13:52:03.358176 138061349585536 pyconfig.py:457] Config param global_batch_size_to_load_start: None
I0616 13:52:03.358203 138061349585536 pyconfig.py:457] Config param global_batch_size_to_train_on: 1
I0616 13:52:03.358229 138061349585536 pyconfig.py:457] Config param global_head_dim: 0
I0616 13:52:03.358256 138061349585536 pyconfig.py:457] Config param global_num_kv_heads: 0
I0616 13:52:03.358282 138061349585536 pyconfig.py:457] Config param global_parameter_scale: 1
I0616 13:52:03.358320 138061349585536 pyconfig.py:457] Config param global_rampup_samples: 500
I0616 13:52:03.358360 138061349585536 pyconfig.py:457] Config param global_rope_max_timescale: -1
I0616 13:52:03.358387 138061349585536 pyconfig.py:457] Config param global_rope_proportion: 0.25
I0616 13:52:03.358416 138061349585536 pyconfig.py:457] Config param goodput_upload_interval_seconds: 30
I0616 13:52:03.358444 138061349585536 pyconfig.py:457] Config param grad_dtype: float32
I0616 13:52:03.358510 138061349585536 pyconfig.py:457] Config param gradient_accumulation_steps: 1
I0616 13:52:03.358540 138061349585536 pyconfig.py:457] Config param gradient_clipping_threshold: 1.0
I0616 13:52:03.358568 138061349585536 pyconfig.py:457] Config param grain_data_source_max_workers: 16
I0616 13:52:03.358595 138061349585536 pyconfig.py:457] Config param grain_eval_files: 
I0616 13:52:03.358621 138061349585536 pyconfig.py:457] Config param grain_file_type: arrayrecord
I0616 13:52:03.358648 138061349585536 pyconfig.py:457] Config param grain_num_threads: 16
I0616 13:52:03.358674 138061349585536 pyconfig.py:457] Config param grain_num_threads_eval: 16
I0616 13:52:03.358704 138061349585536 pyconfig.py:457] Config param grain_packing_type: first_fit
I0616 13:52:03.358730 138061349585536 pyconfig.py:457] Config param grain_per_worker_buffer_size: 1
I0616 13:52:03.358756 138061349585536 pyconfig.py:457] Config param grain_per_worker_buffer_size_eval: 1
I0616 13:52:03.358782 138061349585536 pyconfig.py:457] Config param grain_prefetch_buffer_size: 500
I0616 13:52:03.358808 138061349585536 pyconfig.py:457] Config param grain_prefetch_buffer_size_eval: 500
I0616 13:52:03.358834 138061349585536 pyconfig.py:457] Config param grain_ram_budget_mb: 1024
I0616 13:52:03.358860 138061349585536 pyconfig.py:457] Config param grain_shuffle_buffer_size: 100
I0616 13:52:03.358886 138061349585536 pyconfig.py:457] Config param grain_train_files: 
I0616 13:52:03.358912 138061349585536 pyconfig.py:457] Config param grain_train_mixture_config_path: 
I0616 13:52:03.358938 138061349585536 pyconfig.py:457] Config param grain_use_elastic_iterator: False
I0616 13:52:03.358963 138061349585536 pyconfig.py:457] Config param grain_worker_count: 1
I0616 13:52:03.358988 138061349585536 pyconfig.py:457] Config param grain_worker_count_eval: 1
I0616 13:52:03.359014 138061349585536 pyconfig.py:457] Config param grpo_beta: 0.08
I0616 13:52:03.359041 138061349585536 pyconfig.py:457] Config param grpo_epsilon: 0.2
I0616 13:52:03.359067 138061349585536 pyconfig.py:457] Config param hardware: gpu
I0616 13:52:03.359093 138061349585536 pyconfig.py:457] Config param hbm_utilization_vllm: 0.72
I0616 13:52:03.359120 138061349585536 pyconfig.py:457] Config param head_dim: 128
I0616 13:52:03.359145 138061349585536 pyconfig.py:457] Config param heartbeat_reporting_interval_in_seconds: 5
I0616 13:52:03.359172 138061349585536 pyconfig.py:457] Config param hf_data_dir: None
I0616 13:52:03.359197 138061349585536 pyconfig.py:457] Config param hf_eval_files: None
I0616 13:52:03.359223 138061349585536 pyconfig.py:457] Config param hf_eval_split: None
I0616 13:52:03.359249 138061349585536 pyconfig.py:457] Config param hf_name: None
I0616 13:52:03.359275 138061349585536 pyconfig.py:457] Config param hf_path: 
I0616 13:52:03.359300 138061349585536 pyconfig.py:457] Config param hf_train_files: None
I0616 13:52:03.359352 138061349585536 pyconfig.py:457] Config param hidden_size_for_vit: 1408
I0616 13:52:03.359381 138061349585536 pyconfig.py:457] Config param hide_profiler_step_metric: False
I0616 13:52:03.359410 138061349585536 pyconfig.py:457] Config param ici_autoregressive_parallelism: 1
I0616 13:52:03.359453 138061349585536 pyconfig.py:457] Config param ici_context_autoregressive_parallelism: 1
I0616 13:52:03.359481 138061349585536 pyconfig.py:457] Config param ici_context_parallelism: 1
I0616 13:52:03.359513 138061349585536 pyconfig.py:457] Config param ici_data_parallelism: 1
I0616 13:52:03.359553 138061349585536 pyconfig.py:457] Config param ici_diloco_parallelism: 1
I0616 13:52:03.359580 138061349585536 pyconfig.py:457] Config param ici_expert_parallelism: 1
I0616 13:52:03.359617 138061349585536 pyconfig.py:457] Config param ici_fsdp_parallelism: -1
I0616 13:52:03.359661 138061349585536 pyconfig.py:457] Config param ici_fsdp_transpose_parallelism: 1
I0616 13:52:03.359692 138061349585536 pyconfig.py:457] Config param ici_parallelism: [1, 1, 1, -1, 1, 1, 1, 1, 1, 1, 1, 1]
I0616 13:52:03.359744 138061349585536 pyconfig.py:457] Config param ici_pipeline_parallelism: 1
I0616 13:52:03.359788 138061349585536 pyconfig.py:457] Config param ici_sequence_parallelism: 1
I0616 13:52:03.359825 138061349585536 pyconfig.py:457] Config param ici_tensor_parallelism: 1
I0616 13:52:03.359870 138061349585536 pyconfig.py:457] Config param ici_tensor_sequence_parallelism: 1
I0616 13:52:03.359912 138061349585536 pyconfig.py:457] Config param ici_tensor_transpose_parallelism: 1
I0616 13:52:03.359949 138061349585536 pyconfig.py:457] Config param image_path: 
I0616 13:52:03.359994 138061349585536 pyconfig.py:457] Config param image_placeholder: <|image|>
I0616 13:52:03.360034 138061349585536 pyconfig.py:457] Config param image_size_for_vit: 896
I0616 13:52:03.360074 138061349585536 pyconfig.py:457] Config param indexer_head_dim: 128
I0616 13:52:03.360118 138061349585536 pyconfig.py:457] Config param indexer_loss_scaling_factor: 0.0
I0616 13:52:03.360157 138061349585536 pyconfig.py:457] Config param indexer_n_heads: 64
I0616 13:52:03.360201 138061349585536 pyconfig.py:457] Config param indexer_sparse_training: False
I0616 13:52:03.360244 138061349585536 pyconfig.py:457] Config param indexer_topk: 2048
I0616 13:52:03.360282 138061349585536 pyconfig.py:457] Config param inference_benchmark_test: False
I0616 13:52:03.360338 138061349585536 pyconfig.py:457] Config param inference_metadata_file: 
I0616 13:52:03.360379 138061349585536 pyconfig.py:457] Config param inference_microbenchmark_log_file_path: 
I0616 13:52:03.360418 138061349585536 pyconfig.py:457] Config param inference_microbenchmark_loop_iters: 10
I0616 13:52:03.360461 138061349585536 pyconfig.py:457] Config param inference_microbenchmark_num_samples: [1, 2, 3, 4, 5]
I0616 13:52:03.360501 138061349585536 pyconfig.py:457] Config param inference_microbenchmark_prefill_lengths: 64,128,256,512,1024
I0616 13:52:03.360546 138061349585536 pyconfig.py:457] Config param inference_microbenchmark_stages: prefill,generate
I0616 13:52:03.360589 138061349585536 pyconfig.py:457] Config param inference_server: MaxtextInterleavedServer
I0616 13:52:03.360627 138061349585536 pyconfig.py:457] Config param inhomogeneous_layer_cycle_interval: 1
I0616 13:52:03.360671 138061349585536 pyconfig.py:457] Config param init_weights_seed: 0
I0616 13:52:03.360714 138061349585536 pyconfig.py:457] Config param input_data_sharding_logical_axes: ['activation_embed_and_logits_batch', 'activation_norm_length']
I0616 13:52:03.360763 138061349585536 pyconfig.py:457] Config param interleave_moe_layer_step: 1
I0616 13:52:03.360801 138061349585536 pyconfig.py:457] Config param intermediate_size_for_vit: 5632
I0616 13:52:03.360845 138061349585536 pyconfig.py:457] Config param internal_compile: False
I0616 13:52:03.360885 138061349585536 pyconfig.py:457] Config param internal_compile_num_devices: -1
I0616 13:52:03.360925 138061349585536 pyconfig.py:457] Config param jax_cache_dir: ~/jax_cache
I0616 13:52:03.360969 138061349585536 pyconfig.py:457] Config param jax_debug_log_modules: 
I0616 13:52:03.361006 138061349585536 pyconfig.py:457] Config param jax_distributed_initialization_timeout: 300
I0616 13:52:03.361051 138061349585536 pyconfig.py:457] Config param jax_profiler_port: 9999
I0616 13:52:03.361087 138061349585536 pyconfig.py:457] Config param key_proj: RematLocation.REMAT
I0616 13:52:03.361116 138061349585536 pyconfig.py:457] Config param kv_cache_buffer: 256
I0616 13:52:03.361142 138061349585536 pyconfig.py:457] Config param kv_lora_rank: 256
I0616 13:52:03.361168 138061349585536 pyconfig.py:457] Config param kv_quant_axis: KvQuantAxis.HEADS_AND_DKV
I0616 13:52:03.361205 138061349585536 pyconfig.py:457] Config param kv_quant_dtype: int8
I0616 13:52:03.361249 138061349585536 pyconfig.py:457] Config param kv_wa_proj: RematLocation.REMAT
I0616 13:52:03.361295 138061349585536 pyconfig.py:457] Config param learn_to_init_mode: False
I0616 13:52:03.361348 138061349585536 pyconfig.py:457] Config param learning_rate: 3e-05
I0616 13:52:03.361393 138061349585536 pyconfig.py:457] Config param learning_rate_final_fraction: 0.1
I0616 13:52:03.361421 138061349585536 pyconfig.py:457] Config param learning_rate_schedule_steps: 50
I0616 13:52:03.361448 138061349585536 pyconfig.py:457] Config param load_balance_loss_weight: 0.0
I0616 13:52:03.361476 138061349585536 pyconfig.py:457] Config param load_checkpoint_only_once: False
I0616 13:52:03.361502 138061349585536 pyconfig.py:457] Config param load_from_prefill_dir: False
I0616 13:52:03.361529 138061349585536 pyconfig.py:457] Config param load_full_state_path: 
I0616 13:52:03.361555 138061349585536 pyconfig.py:457] Config param load_parameters_path: 
I0616 13:52:03.361581 138061349585536 pyconfig.py:457] Config param local_checkpoint_directory: 
I0616 13:52:03.361608 138061349585536 pyconfig.py:457] Config param local_checkpoint_period: 0
I0616 13:52:03.361633 138061349585536 pyconfig.py:457] Config param local_rope_max_timescale: -1
I0616 13:52:03.361660 138061349585536 pyconfig.py:457] Config param local_rope_proportion: 1.0
I0616 13:52:03.361686 138061349585536 pyconfig.py:457] Config param log_config: True
I0616 13:52:03.361717 138061349585536 pyconfig.py:457] Config param log_period: 1
I0616 13:52:03.361744 138061349585536 pyconfig.py:457] Config param logical_axis_rules: (('activation_embed_and_logits_batch', ('data', 'stage', 'fsdp', 'fsdp_transpose', 'expert')), ('activation_embed_and_logits_batch_sequence', ('data', 'stage', 'fsdp', 'fsdp_transpose', 'context', 'expert')), ('activation_vocab', ('tensor', 'tensor_transpose', 'tensor_sequence')), ('activation_vocab', ('tensor', 'tensor_transpose')), ('activation_vocab', 'tensor_sequence'), ('vocab', ('tensor', 'tensor_transpose', 'tensor_sequence', 'autoregressive')), ('embed_vocab', ('fsdp', 'fsdp_transpose', 'context', 'expert')), ('activation_batch_attn', ('data', 'fsdp', 'fsdp_transpose', 'expert')), ('activation_heads', ('tensor', 'tensor_transpose', 'tensor_sequence', 'autoregressive')), ('activation_kv_heads', ('tensor', 'tensor_transpose', 'tensor_sequence')), ('activation_length_attn', ('context',)), ('activation_q_length', ('context',)), ('activation_kv_length', ()), ('activation_embed_attn', ('tensor', 'tensor_transpose')), ('activation_kv', ('tensor', 'tensor_transpose', 'tensor_sequence')), ('activation_kv_batch', ('data', 'fsdp', 'fsdp_transpose', 'expert')), ('activation_kv_head_dim', ('tensor', 'tensor_transpose', 'tensor_sequence')), ('heads', ('tensor', 'tensor_transpose', 'tensor_sequence', 'autoregressive')), ('q_heads', ('tensor', 'tensor_transpose', 'tensor_sequence', 'autoregressive')), ('kv_heads', ('tensor', 'tensor_transpose', 'tensor_sequence', 'autoregressive')), ('qkv', ()), ('kv', ()), ('kv_head_dim', ()), ('q_lora', ('fsdp', 'fsdp_transpose', 'context', 'tensor_transpose', 'expert')), ('q_lora', ('fsdp', 'context', 'tensor_transpose', 'expert')), ('q_lora', ('fsdp', 'fsdp_transpose', 'context', 'expert')), ('q_lora', ('fsdp', 'context', 'expert')), ('q_lora_up_proj', ()), ('kv_lora', ('fsdp', 'fsdp_transpose', 'context', 'tensor_transpose', 'expert')), ('kv_lora', ('fsdp', 'context', 'tensor_transpose', 'expert')), ('kv_lora', ('fsdp', 'fsdp_transpose', 'context', 'expert')), ('kv_lora', ('fsdp', 'context', 'expert')), ('kv_lora_up_proj', ()), ('activation_batch_moe', ('data', 'fsdp', 'fsdp_transpose')), ('activation_length_moe', ('context',)), ('activation_norm_length_moe', ('tensor_sequence', 'context')), ('activation_embed_moe', ('tensor', 'tensor_transpose')), ('activation_mlp_moe', ('tensor', 'tensor_transpose', 'tensor_sequence')), ('activation_exp', ('expert',)), ('exp', 'expert'), ('mlp_moe', ('fsdp_transpose', 'tensor', 'tensor_sequence', 'autoregressive')), ('embed_moe', ('fsdp', 'fsdp_transpose', 'tensor_transpose', 'context')), ('embed_moe', ('fsdp', 'tensor_transpose', 'context')), ('embed_moe', ('fsdp', 'fsdp_transpose', 'context')), ('embed_moe', ('fsdp', 'context')), ('activation_mlp', ('tensor', 'tensor_transpose', 'tensor_sequence')), ('activation_batch', ('data', 'fsdp', 'fsdp_transpose', 'expert')), ('activation_length', ('context',)), ('activation_norm_length', ('tensor_sequence', 'context')), ('activation_embed', ('tensor', 'tensor_transpose')), ('activation_stage', 'stage'), ('mlp', ('fsdp_transpose', 'tensor', 'tensor_sequence', 'autoregressive')), ('embed', ('fsdp', 'fsdp_transpose', 'tensor_transpose', 'context', 'expert')), ('embed', ('fsdp', 'tensor_transpose', 'context', 'expert')), ('embed', ('fsdp', 'fsdp_transpose', 'context', 'expert')), ('embed', ('fsdp', 'context', 'expert')), ('norm', ('tensor', 'tensor_transpose')), ('layers', 'stage'), ('diloco', 'diloco'), ('engram_dim', ('tensor',)), ('dense_layers', ()), ('moe_layers', ()), ('mhc', ()), ('prefill_activation_length', ('context',)), ('prefill_activation_norm_length', ('tensor_sequence', 'context')), ('activation_prefill_kv_batch', ('data', 'fsdp', 'fsdp_transpose', 'expert')), ('decode_batch', ('data', 'fsdp', 'fsdp_transpose', 'expert')), ('decode_length', ()), ('cache_heads', ('autoregressive', 'tensor', 'tensor_transpose', 'tensor_sequence')), ('cache_heads', ('autoregressive', 'tensor', 'tensor_sequence')), ('paged_kv_heads', ('tensor',)), ('cache_batch_prefill', ()), ('cache_batch', ()), ('cache_heads_none', ()), ('cache_kv', ()), ('cache_sequence', ()), ('num_pages', ()), ('tokens_per_page', ()), ('paged_kv_head_dim_size', ()), ('mlp_no_fsdp', ('tensor', 'tensor_sequence', 'autoregressive')), ('embed_tensor_transpose', ('tensor_transpose',)), ('exp_with_fsdp', 'fsdp'))
I0616 13:52:03.361868 138061349585536 pyconfig.py:457] Config param logits_dot_in_fp32: False
I0616 13:52:03.361893 138061349585536 pyconfig.py:457] Config param logits_via_embedding: False
I0616 13:52:03.361917 138061349585536 pyconfig.py:457] Config param lora_input_adapters_path: 
I0616 13:52:03.361943 138061349585536 pyconfig.py:457] Config param loss_algo: grpo
I0616 13:52:03.361970 138061349585536 pyconfig.py:457] Config param lr_schedule_type: LearningRateScheduleType.COSINE
I0616 13:52:03.362001 138061349585536 pyconfig.py:457] Config param lti_use_general_linear_map: False
I0616 13:52:03.362040 138061349585536 pyconfig.py:457] Config param managed_mldiagnostics: False
I0616 13:52:03.362071 138061349585536 pyconfig.py:457] Config param managed_mldiagnostics_dir: /content/zenteiq_maxtext_outputs/moe_deepseek_under_1b_gpu/managed-mldiagnostics
I0616 13:52:03.362099 138061349585536 pyconfig.py:457] Config param managed_mldiagnostics_run_group: 
I0616 13:52:03.362142 138061349585536 pyconfig.py:457] Config param math_verify_num_procs: None
I0616 13:52:03.362186 138061349585536 pyconfig.py:457] Config param math_verify_timeout: 300
I0616 13:52:03.362215 138061349585536 pyconfig.py:457] Config param matmul_precision: MatmulPrecision.DEFAULT
I0616 13:52:03.362257 138061349585536 pyconfig.py:457] Config param max_checkify: False
I0616 13:52:03.362298 138061349585536 pyconfig.py:457] Config param max_concurrency: 256
I0616 13:52:03.362350 138061349585536 pyconfig.py:457] Config param max_corpus_chars: 10000000
I0616 13:52:03.362395 138061349585536 pyconfig.py:457] Config param max_num_batched_tokens: None
I0616 13:52:03.362432 138061349585536 pyconfig.py:457] Config param max_num_checkpoints_to_keep: None
I0616 13:52:03.362478 138061349585536 pyconfig.py:457] Config param max_num_images_per_example: -1
I0616 13:52:03.362519 138061349585536 pyconfig.py:457] Config param max_num_seqs: None
I0616 13:52:03.362561 138061349585536 pyconfig.py:457] Config param max_position_embeddings: 4096
I0616 13:52:03.362605 138061349585536 pyconfig.py:457] Config param max_prefill_predict_length: 64
I0616 13:52:03.362645 138061349585536 pyconfig.py:457] Config param max_sample_len_for_audio: 10000
I0616 13:52:03.362689 138061349585536 pyconfig.py:457] Config param max_segments_per_seq: -1
I0616 13:52:03.362733 138061349585536 pyconfig.py:457] Config param max_source_positions_for_audio: 1500
I0616 13:52:03.362779 138061349585536 pyconfig.py:457] Config param max_target_length: 32
I0616 13:52:03.362823 138061349585536 pyconfig.py:457] Config param max_timescale_for_audio: 10000.0
I0616 13:52:03.362861 138061349585536 pyconfig.py:457] Config param megablox: False
I0616 13:52:03.362906 138061349585536 pyconfig.py:457] Config param merge_gating_gmm: False
I0616 13:52:03.362945 138061349585536 pyconfig.py:457] Config param mesh_axes: ['diloco', 'data', 'stage', 'fsdp', 'fsdp_transpose', 'context', 'context_autoregressive', 'tensor', 'tensor_transpose', 'tensor_sequence', 'expert', 'autoregressive']
I0616 13:52:03.362993 138061349585536 pyconfig.py:457] Config param metrics_dir: /content/zenteiq_maxtext_outputs/moe_deepseek_under_1b_gpu/metrics/
I0616 13:52:03.363034 138061349585536 pyconfig.py:457] Config param metrics_file: 
I0616 13:52:03.363074 138061349585536 pyconfig.py:457] Config param mhc_expansion_rate: 1
I0616 13:52:03.363118 138061349585536 pyconfig.py:457] Config param micro_batch_size_to_eval_on: 1
I0616 13:52:03.363155 138061349585536 pyconfig.py:457] Config param micro_batch_size_to_train_on: 1
I0616 13:52:03.363200 138061349585536 pyconfig.py:457] Config param mla_kv: RematLocation.REMAT
I0616 13:52:03.363238 138061349585536 pyconfig.py:457] Config param mla_naive_kvcache: True
I0616 13:52:03.363282 138061349585536 pyconfig.py:457] Config param mla_q: RematLocation.REMAT
I0616 13:52:03.363337 138061349585536 pyconfig.py:457] Config param mlp_activations: ['silu', 'linear']
I0616 13:52:03.363382 138061349585536 pyconfig.py:457] Config param mlp_activations_limit: -1.0
I0616 13:52:03.363428 138061349585536 pyconfig.py:457] Config param mlp_bias: False
I0616 13:52:03.363467 138061349585536 pyconfig.py:457] Config param mlp_dim: 4096
I0616 13:52:03.363508 138061349585536 pyconfig.py:457] Config param mlpwi: RematLocation.REMAT
I0616 13:52:03.363548 138061349585536 pyconfig.py:457] Config param mlpwi_0: RematLocation.REMAT
I0616 13:52:03.363576 138061349585536 pyconfig.py:457] Config param mlpwi_1: RematLocation.REMAT
I0616 13:52:03.363603 138061349585536 pyconfig.py:457] Config param mlpwo: RematLocation.REMAT
I0616 13:52:03.363629 138061349585536 pyconfig.py:457] Config param moba: False
I0616 13:52:03.363656 138061349585536 pyconfig.py:457] Config param moba_chunk_size: 1024
I0616 13:52:03.363683 138061349585536 pyconfig.py:457] Config param moba_topk: 8
I0616 13:52:03.363714 138061349585536 pyconfig.py:457] Config param model_call_mode: 
I0616 13:52:03.363740 138061349585536 pyconfig.py:457] Config param model_name: deepseek2-16b
I0616 13:52:03.363767 138061349585536 pyconfig.py:457] Config param moe_expert_input_dim: -1
I0616 13:52:03.363792 138061349585536 pyconfig.py:457] Config param moe_fsdp_use_two_stage_all_gather: False
I0616 13:52:03.363818 138061349585536 pyconfig.py:457] Config param moe_mlp_dim: 768
I0616 13:52:03.363844 138061349585536 pyconfig.py:457] Config param moe_mlpwi_0: RematLocation.REMAT
I0616 13:52:03.363871 138061349585536 pyconfig.py:457] Config param moe_mlpwi_1: RematLocation.REMAT
I0616 13:52:03.363897 138061349585536 pyconfig.py:457] Config param moe_mlpwo: RematLocation.REMAT
I0616 13:52:03.363925 138061349585536 pyconfig.py:457] Config param monitor_goodput: False
I0616 13:52:03.363951 138061349585536 pyconfig.py:457] Config param monitor_step_time_deviation: True
I0616 13:52:03.363976 138061349585536 pyconfig.py:457] Config param mrope_section: [24, 20, 20]
I0616 13:52:03.364003 138061349585536 pyconfig.py:457] Config param mscale: 0.707
I0616 13:52:03.364031 138061349585536 pyconfig.py:457] Config param mtc_data_parallelism: 0
I0616 13:52:03.364056 138061349585536 pyconfig.py:457] Config param mtp_eval_target_module: 0
I0616 13:52:03.364082 138061349585536 pyconfig.py:457] Config param mtp_loss_scaling_factor: 0.1
I0616 13:52:03.364109 138061349585536 pyconfig.py:457] Config param mtp_num_layers: 0
I0616 13:52:03.364136 138061349585536 pyconfig.py:457] Config param mu_dtype: bfloat16
I0616 13:52:03.364175 138061349585536 pyconfig.py:457] Config param multi_sampling: False
I0616 13:52:03.364203 138061349585536 pyconfig.py:457] Config param multi_tier_checkpointing_backup_interval_minutes: 0
I0616 13:52:03.364230 138061349585536 pyconfig.py:457] Config param muon_beta: 0.95
I0616 13:52:03.364257 138061349585536 pyconfig.py:457] Config param muon_consistent_rms: None
I0616 13:52:03.364283 138061349585536 pyconfig.py:457] Config param muon_weight_decay: 0.0
I0616 13:52:03.364325 138061349585536 pyconfig.py:457] Config param n_routing_groups: -1
I0616 13:52:03.364361 138061349585536 pyconfig.py:457] Config param n_window_for_audio: 50
I0616 13:52:03.364388 138061349585536 pyconfig.py:457] Config param n_window_infer_for_audio: 800
I0616 13:52:03.364415 138061349585536 pyconfig.py:457] Config param nope_layer_interval: -1
I0616 13:52:03.364441 138061349585536 pyconfig.py:457] Config param norm_topk_prob: False
I0616 13:52:03.364470 138061349585536 pyconfig.py:457] Config param normalization_layer_epsilon: 1e-06
I0616 13:52:03.364500 138061349585536 pyconfig.py:457] Config param normalize_embedding_logits: True
I0616 13:52:03.364526 138061349585536 pyconfig.py:457] Config param num_attention_heads_for_vit: 16
I0616 13:52:03.364553 138061349585536 pyconfig.py:457] Config param num_batches: 4
I0616 13:52:03.364579 138061349585536 pyconfig.py:457] Config param num_channels_for_vit: 3
I0616 13:52:03.364606 138061349585536 pyconfig.py:457] Config param num_conv_layers_for_audio: 3
I0616 13:52:03.364632 138061349585536 pyconfig.py:457] Config param num_decoder_layers: 12
I0616 13:52:03.364658 138061349585536 pyconfig.py:457] Config param num_diloco_replicas: 1
I0616 13:52:03.364685 138061349585536 pyconfig.py:457] Config param num_epoch: 1
I0616 13:52:03.364716 138061349585536 pyconfig.py:457] Config param num_eval_passes: 1
I0616 13:52:03.364740 138061349585536 pyconfig.py:457] Config param num_experts: 8
I0616 13:52:03.364766 138061349585536 pyconfig.py:457] Config param num_experts_per_tok: 2
I0616 13:52:03.364792 138061349585536 pyconfig.py:457] Config param num_generations: 2
I0616 13:52:03.364818 138061349585536 pyconfig.py:457] Config param num_hidden_layers_for_vit: 34
I0616 13:52:03.364854 138061349585536 pyconfig.py:457] Config param num_iterations: 1
I0616 13:52:03.364887 138061349585536 pyconfig.py:457] Config param num_kv_heads: 8
I0616 13:52:03.364911 138061349585536 pyconfig.py:457] Config param num_layers_per_pipeline_stage: 1
I0616 13:52:03.364944 138061349585536 pyconfig.py:457] Config param num_mel_bins_for_audio: 128
I0616 13:52:03.364983 138061349585536 pyconfig.py:457] Config param num_pipeline_microbatches: -1
I0616 13:52:03.365008 138061349585536 pyconfig.py:457] Config param num_pipeline_repeats: -1
I0616 13:52:03.365042 138061349585536 pyconfig.py:457] Config param num_position_embeddings_for_vit: 1024
I0616 13:52:03.365088 138061349585536 pyconfig.py:457] Config param num_query_heads: 8
I0616 13:52:03.365118 138061349585536 pyconfig.py:457] Config param num_samplers_slices: -1
I0616 13:52:03.365153 138061349585536 pyconfig.py:457] Config param num_slices: 1
I0616 13:52:03.365196 138061349585536 pyconfig.py:457] Config param num_target_devices: 1
I0616 13:52:03.365229 138061349585536 pyconfig.py:457] Config param num_test_batches: 5
I0616 13:52:03.365274 138061349585536 pyconfig.py:457] Config param num_trainer_slices: -1
I0616 13:52:03.365326 138061349585536 pyconfig.py:457] Config param num_vocab_tiling: 1
I0616 13:52:03.365372 138061349585536 pyconfig.py:457] Config param off_policy_steps: 0
I0616 13:52:03.365416 138061349585536 pyconfig.py:457] Config param offline_data_dir: None
I0616 13:52:03.365454 138061349585536 pyconfig.py:457] Config param olmo_apply_ngram_filter: True
I0616 13:52:03.365500 138061349585536 pyconfig.py:457] Config param olmo_index_path: 
I0616 13:52:03.365539 138061349585536 pyconfig.py:457] Config param olmo_path_remap_from: 
I0616 13:52:03.365580 138061349585536 pyconfig.py:457] Config param olmo_path_remap_to: 
I0616 13:52:03.365623 138061349585536 pyconfig.py:457] Config param opt_type: OptimizerType.ADAMW
I0616 13:52:03.365668 138061349585536 pyconfig.py:457] Config param optimize_mesh_for_tpu_v6e: False
I0616 13:52:03.365722 138061349585536 pyconfig.py:457] Config param optimizer_memory_host_offload: False
I0616 13:52:03.365762 138061349585536 pyconfig.py:457] Config param original_max_position_embeddings: 4096
I0616 13:52:03.365808 138061349585536 pyconfig.py:457] Config param out_hidden_size_for_vit: 512
I0616 13:52:03.365851 138061349585536 pyconfig.py:457] Config param out_proj: RematLocation.REMAT
I0616 13:52:03.365891 138061349585536 pyconfig.py:457] Config param output_dim_for_audio: 512
I0616 13:52:03.365936 138061349585536 pyconfig.py:457] Config param override_logical_axis_rules: False
I0616 13:52:03.365975 138061349585536 pyconfig.py:457] Config param override_model_config: True
I0616 13:52:03.366017 138061349585536 pyconfig.py:457] Config param packing: True
I0616 13:52:03.366062 138061349585536 pyconfig.py:457] Config param padded_base_moe_mlp_dim: None
I0616 13:52:03.366098 138061349585536 pyconfig.py:457] Config param pagedattn_head_dim_alignment: 128
I0616 13:52:03.366142 138061349585536 pyconfig.py:457] Config param pagedattn_max_pages_per_group: -1
I0616 13:52:03.366185 138061349585536 pyconfig.py:457] Config param pagedattn_num_pages: 64
I0616 13:52:03.366222 138061349585536 pyconfig.py:457] Config param pagedattn_pages_per_compute_block: 4
I0616 13:52:03.366267 138061349585536 pyconfig.py:457] Config param pagedattn_tokens_per_page: 32
I0616 13:52:03.366305 138061349585536 pyconfig.py:457] Config param param_scan_axis: 1
I0616 13:52:03.366364 138061349585536 pyconfig.py:457] Config param parameter_memory_host_offload: False
I0616 13:52:03.366406 138061349585536 pyconfig.py:457] Config param partial_rotary_factor: 1.0
I0616 13:52:03.366447 138061349585536 pyconfig.py:457] Config param patch_size_for_vit: 14
I0616 13:52:03.366494 138061349585536 pyconfig.py:457] Config param penalty_incorrect_answer: -1.0
I0616 13:52:03.366532 138061349585536 pyconfig.py:457] Config param penalty_incorrect_format: -0.5
I0616 13:52:03.366579 138061349585536 pyconfig.py:457] Config param per_device_batch_size: 1
I0616 13:52:03.366617 138061349585536 pyconfig.py:457] Config param per_device_batch_size_increment: 2.0
I0616 13:52:03.366646 138061349585536 pyconfig.py:457] Config param per_device_batch_size_start: 4.0
I0616 13:52:03.366672 138061349585536 pyconfig.py:457] Config param pipeline_delay_activation_forwarding: False
I0616 13:52:03.366703 138061349585536 pyconfig.py:457] Config param pipeline_fsdp_ag_once: False
I0616 13:52:03.366729 138061349585536 pyconfig.py:457] Config param pipeline_fsdp_ag_per_repeat: False
I0616 13:52:03.366756 138061349585536 pyconfig.py:457] Config param pipeline_parallel_layers: 10
I0616 13:52:03.366782 138061349585536 pyconfig.py:457] Config param pixel_shuffle_ratio_for_vit: 0.5
I0616 13:52:03.366822 138061349585536 pyconfig.py:457] Config param posemb_type_for_vit: learn
I0616 13:52:03.366861 138061349585536 pyconfig.py:457] Config param position_id_per_seconds: 25
I0616 13:52:03.366891 138061349585536 pyconfig.py:457] Config param prefill_cache_axis_order: 1,2,0,3
I0616 13:52:03.366917 138061349585536 pyconfig.py:457] Config param prefill_cache_dir: 
I0616 13:52:03.366943 138061349585536 pyconfig.py:457] Config param prefill_chunk_size: 256
I0616 13:52:03.366969 138061349585536 pyconfig.py:457] Config param prefill_slice: v5e-16
I0616 13:52:03.366996 138061349585536 pyconfig.py:457] Config param prefix_caching_dram_byte: 100000000000
I0616 13:52:03.367022 138061349585536 pyconfig.py:457] Config param prefix_caching_hbm_byte: 10000000000
I0616 13:52:03.367048 138061349585536 pyconfig.py:457] Config param prefuse_moe_weights: False
I0616 13:52:03.367074 138061349585536 pyconfig.py:457] Config param profile_cleanly: True
I0616 13:52:03.367101 138061349585536 pyconfig.py:457] Config param profile_periodically_period: -1
I0616 13:52:03.367126 138061349585536 pyconfig.py:457] Config param profile_power_events: False
I0616 13:52:03.367153 138061349585536 pyconfig.py:457] Config param profiler: ProfilerType.NONE
I0616 13:52:03.367191 138061349585536 pyconfig.py:457] Config param profiler_steps: 5
I0616 13:52:03.367217 138061349585536 pyconfig.py:457] Config param projector_dropout_for_vit: 0.0
I0616 13:52:03.367248 138061349585536 pyconfig.py:457] Config param projector_input_dim_for_vit: 4096
I0616 13:52:03.367274 138061349585536 pyconfig.py:457] Config param projector_output_dim_for_vit: 4096
I0616 13:52:03.367300 138061349585536 pyconfig.py:457] Config param prometheus_port: 0
I0616 13:52:03.367352 138061349585536 pyconfig.py:457] Config param prompt: I love to
I0616 13:52:03.367383 138061349585536 pyconfig.py:457] Config param pure_nnx: False
I0616 13:52:03.367410 138061349585536 pyconfig.py:457] Config param pure_nnx_decoder: False
I0616 13:52:03.367438 138061349585536 pyconfig.py:457] Config param q_lora_rank: 0
I0616 13:52:03.367467 138061349585536 pyconfig.py:457] Config param qk_clip_threshold: 100.0
I0616 13:52:03.367494 138061349585536 pyconfig.py:457] Config param qk_nope_head_dim: 64
I0616 13:52:03.367521 138061349585536 pyconfig.py:457] Config param qk_norm_with_scale: True
I0616 13:52:03.367547 138061349585536 pyconfig.py:457] Config param qk_rope_head_dim: 32
I0616 13:52:03.367573 138061349585536 pyconfig.py:457] Config param qkv_proj: RematLocation.REMAT
I0616 13:52:03.367601 138061349585536 pyconfig.py:457] Config param quant_cfg_path: 
I0616 13:52:03.367628 138061349585536 pyconfig.py:457] Config param quantization: QuantizationType.NONE
I0616 13:52:03.367656 138061349585536 pyconfig.py:457] Config param quantization_local_shard_count: 1
I0616 13:52:03.367682 138061349585536 pyconfig.py:457] Config param quantize_kvcache: False
I0616 13:52:03.367712 138061349585536 pyconfig.py:457] Config param query_proj: RematLocation.REMAT
I0616 13:52:03.367739 138061349585536 pyconfig.py:457] Config param query_wa_proj: RematLocation.REMAT
I0616 13:52:03.367763 138061349585536 pyconfig.py:457] Config param ragged_block_size: 256
I0616 13:52:03.367789 138061349585536 pyconfig.py:457] Config param ragged_buffer_factor: -1.0
I0616 13:52:03.367816 138061349585536 pyconfig.py:457] Config param rampup_end_step: 0
I0616 13:52:03.367843 138061349585536 pyconfig.py:457] Config param rampup_samples_per_increment_to_load: None
I0616 13:52:03.367869 138061349585536 pyconfig.py:457] Config param reasoning_end_token: </reasoning>
I0616 13:52:03.367905 138061349585536 pyconfig.py:457] Config param reasoning_start_token: <reasoning>
I0616 13:52:03.367940 138061349585536 pyconfig.py:457] Config param record_internal_nn_metrics: 0
I0616 13:52:03.367966 138061349585536 pyconfig.py:457] Config param remat_policy: full
I0616 13:52:03.368003 138061349585536 pyconfig.py:457] Config param remat_policy_for_vit: minimal
I0616 13:52:03.368038 138061349585536 pyconfig.py:457] Config param remove_size_one_mesh_axis_from_type: True
I0616 13:52:03.368066 138061349585536 pyconfig.py:457] Config param replicate_quant_scale: False
I0616 13:52:03.368109 138061349585536 pyconfig.py:457] Config param replicator_backup_interval_minutes: 0
I0616 13:52:03.368141 138061349585536 pyconfig.py:457] Config param report_heartbeat_metric_for_gcp_monitoring: False
I0616 13:52:03.368173 138061349585536 pyconfig.py:457] Config param report_performance_metric_for_gcp_monitoring: False
I0616 13:52:03.368219 138061349585536 pyconfig.py:457] Config param reshape_q: False
I0616 13:52:03.368254 138061349585536 pyconfig.py:457] Config param reshard_chunk_size: None
I0616 13:52:03.368292 138061349585536 pyconfig.py:457] Config param return_log_prob: False
I0616 13:52:03.368349 138061349585536 pyconfig.py:457] Config param reuse_example_batch: 0
I0616 13:52:03.368388 138061349585536 pyconfig.py:457] Config param reward_exact_answer: 5.0
I0616 13:52:03.368432 138061349585536 pyconfig.py:457] Config param reward_exact_format_match: 3.0
I0616 13:52:03.368473 138061349585536 pyconfig.py:457] Config param reward_partial_format_match: 0.5
I0616 13:52:03.368515 138061349585536 pyconfig.py:457] Config param reward_ratio_guess_to_answer_high: 0.5
I0616 13:52:03.368561 138061349585536 pyconfig.py:457] Config param reward_ratio_guess_to_answer_low: 0.25
I0616 13:52:03.368601 138061349585536 pyconfig.py:457] Config param reward_white_space_format_match: 1.5
I0616 13:52:03.368646 138061349585536 pyconfig.py:457] Config param rl: {'num_generations': 2, 'num_iterations': 1, 'grpo_beta': 0.08, 'grpo_epsilon': 0.2, 'loss_algo': 'grpo', 'use_agentic_rollout': False, 'max_concurrency': 256, 'off_policy_steps': 0, 'system_prompt': '', 'degenerate_group_masking': True, 'epsilon_high': None, 'reshard_chunk_size': None}
I0616 13:52:03.368707 138061349585536 pyconfig.py:457] Config param rollout_data_parallelism: -1
I0616 13:52:03.368755 138061349585536 pyconfig.py:457] Config param rollout_expert_parallelism: 1
I0616 13:52:03.368792 138061349585536 pyconfig.py:457] Config param rollout_micro_batch_size: -1
I0616 13:52:03.368837 138061349585536 pyconfig.py:457] Config param rollout_tensor_parallelism: -1
I0616 13:52:03.368875 138061349585536 pyconfig.py:457] Config param rope_attention_scaling: False
I0616 13:52:03.368921 138061349585536 pyconfig.py:457] Config param rope_factor: 1
I0616 13:52:03.368961 138061349585536 pyconfig.py:457] Config param rope_interleave: True
I0616 13:52:03.369001 138061349585536 pyconfig.py:457] Config param rope_linear_scaling_factor: 1.0
I0616 13:52:03.369045 138061349585536 pyconfig.py:457] Config param rope_max_timescale: 10000
I0616 13:52:03.369083 138061349585536 pyconfig.py:457] Config param rope_min_timescale: 1
I0616 13:52:03.369128 138061349585536 pyconfig.py:457] Config param rope_theta_for_vit: 10000
I0616 13:52:03.369170 138061349585536 pyconfig.py:457] Config param rope_truncate: True
I0616 13:52:03.369214 138061349585536 pyconfig.py:457] Config param rope_type: RopeType.YARN
I0616 13:52:03.369263 138061349585536 pyconfig.py:457] Config param rope_use_scale: True
I0616 13:52:03.369316 138061349585536 pyconfig.py:457] Config param routed_bias: False
I0616 13:52:03.369362 138061349585536 pyconfig.py:457] Config param routed_bias_update_rate: 0.0
I0616 13:52:03.369412 138061349585536 pyconfig.py:457] Config param routed_scaling_factor: 1.0
I0616 13:52:03.369451 138061349585536 pyconfig.py:457] Config param routed_score_func: softmax
I0616 13:52:03.369496 138061349585536 pyconfig.py:457] Config param run_name: moe_deepseek_under_1b_gpu
I0616 13:52:03.369535 138061349585536 pyconfig.py:457] Config param sa_block_kv: 512
I0616 13:52:03.369575 138061349585536 pyconfig.py:457] Config param sa_block_kv_compute: 512
I0616 13:52:03.369621 138061349585536 pyconfig.py:457] Config param sa_block_kv_dkv: 512
I0616 13:52:03.369664 138061349585536 pyconfig.py:457] Config param sa_block_kv_dkv_compute: 512
I0616 13:52:03.369713 138061349585536 pyconfig.py:457] Config param sa_block_kv_dq: 512
I0616 13:52:03.369742 138061349585536 pyconfig.py:457] Config param sa_block_q: 512
I0616 13:52:03.369768 138061349585536 pyconfig.py:457] Config param sa_block_q_dkv: 512
I0616 13:52:03.369794 138061349585536 pyconfig.py:457] Config param sa_block_q_dq: 512
I0616 13:52:03.369820 138061349585536 pyconfig.py:457] Config param sa_k_layout: HEAD_DIM_MINOR
I0616 13:52:03.369846 138061349585536 pyconfig.py:457] Config param sa_q_layout: HEAD_DIM_MINOR
I0616 13:52:03.369871 138061349585536 pyconfig.py:457] Config param sa_use_fused_bwd_kernel: False
I0616 13:52:03.369897 138061349585536 pyconfig.py:457] Config param sa_v_layout: HEAD_DIM_MINOR
I0616 13:52:03.369923 138061349585536 pyconfig.py:457] Config param sampler_devices_fraction: 0.5
I0616 13:52:03.369951 138061349585536 pyconfig.py:457] Config param save_checkpoint_on_completion: False
I0616 13:52:03.369976 138061349585536 pyconfig.py:457] Config param save_config_to_gcs: False
I0616 13:52:03.370003 138061349585536 pyconfig.py:457] Config param save_quantized_params_path: 
I0616 13:52:03.370028 138061349585536 pyconfig.py:457] Config param scale_embedding_for_audio: True
I0616 13:52:03.370054 138061349585536 pyconfig.py:457] Config param scan_layers: True
I0616 13:52:03.370080 138061349585536 pyconfig.py:457] Config param scan_layers_per_stage: False
I0616 13:52:03.370106 138061349585536 pyconfig.py:457] Config param scan_pipeline_iterations: True
I0616 13:52:03.370132 138061349585536 pyconfig.py:457] Config param scan_pipeline_repeats: False
I0616 13:52:03.370157 138061349585536 pyconfig.py:457] Config param set_remat_policy_on_layers_per_stage: False
I0616 13:52:03.370183 138061349585536 pyconfig.py:457] Config param set_remat_policy_on_pipeline_iterations: True
I0616 13:52:03.370209 138061349585536 pyconfig.py:457] Config param sft_train_on_completion_only: False
I0616 13:52:03.370235 138061349585536 pyconfig.py:457] Config param shard_exp_on_fsdp: False
I0616 13:52:03.370261 138061349585536 pyconfig.py:457] Config param shard_mode: ShardMode.AUTO
I0616 13:52:03.370291 138061349585536 pyconfig.py:457] Config param shard_optimizer_over_data: False
I0616 13:52:03.370337 138061349585536 pyconfig.py:457] Config param sharding_strategy: None
I0616 13:52:03.370367 138061349585536 pyconfig.py:457] Config param sharding_tolerance: 0.02
I0616 13:52:03.370394 138061349585536 pyconfig.py:457] Config param shardy: True
I0616 13:52:03.370420 138061349585536 pyconfig.py:457] Config param share_kv_projections: False
I0616 13:52:03.370447 138061349585536 pyconfig.py:457] Config param shared_experts: 1
I0616 13:52:03.370475 138061349585536 pyconfig.py:457] Config param sinkhorn_iterations: 20
I0616 13:52:03.370501 138061349585536 pyconfig.py:457] Config param skip_first_n_steps_for_profiler: 1
I0616 13:52:03.370527 138061349585536 pyconfig.py:457] Config param skip_jax_distributed_system: True
I0616 13:52:03.370552 138061349585536 pyconfig.py:457] Config param skip_step_interval: 128
I0616 13:52:03.370578 138061349585536 pyconfig.py:457] Config param skip_step_on_spikes: False
I0616 13:52:03.370604 138061349585536 pyconfig.py:457] Config param skip_step_scaling_factor: 6.0
I0616 13:52:03.370630 138061349585536 pyconfig.py:457] Config param sliding_window_size: 0
I0616 13:52:03.370653 138061349585536 pyconfig.py:457] Config param solution_end_token: </answer>
I0616 13:52:03.370676 138061349585536 pyconfig.py:457] Config param solution_start_token: <answer>
I0616 13:52:03.370705 138061349585536 pyconfig.py:457] Config param source_checkpoint_layout: orbax
I0616 13:52:03.370731 138061349585536 pyconfig.py:457] Config param sparse_matmul: False
I0616 13:52:03.370761 138061349585536 pyconfig.py:457] Config param spatial_merge_size_for_vit: 2
I0616 13:52:03.370801 138061349585536 pyconfig.py:457] Config param stack_prefill_result_cache: False
I0616 13:52:03.370843 138061349585536 pyconfig.py:457] Config param stack_trace_interval_seconds: 600
I0616 13:52:03.370890 138061349585536 pyconfig.py:457] Config param stack_trace_to_cloud: False
I0616 13:52:03.370936 138061349585536 pyconfig.py:457] Config param step_deviation_interval_seconds: 30
I0616 13:52:03.370983 138061349585536 pyconfig.py:457] Config param steps: 50
I0616 13:52:03.371028 138061349585536 pyconfig.py:457] Config param stop_strings: None
I0616 13:52:03.371075 138061349585536 pyconfig.py:457] Config param student_overrides: {}
I0616 13:52:03.371121 138061349585536 pyconfig.py:457] Config param student_params_to_update: None
I0616 13:52:03.371162 138061349585536 pyconfig.py:457] Config param subslice_shape: 
I0616 13:52:03.371191 138061349585536 pyconfig.py:457] Config param swap_space_vllm_gb: 2
I0616 13:52:03.371217 138061349585536 pyconfig.py:457] Config param system_prompt: 
I0616 13:52:03.371243 138061349585536 pyconfig.py:457] Config param target_eval_loss: 0.0
I0616 13:52:03.371270 138061349585536 pyconfig.py:457] Config param teacher_overrides: {}
I0616 13:52:03.371301 138061349585536 pyconfig.py:457] Config param temperature_tuning: False
I0616 13:52:03.371358 138061349585536 pyconfig.py:457] Config param temporal_patch_size_for_vit: 2
I0616 13:52:03.371402 138061349585536 pyconfig.py:457] Config param tensorboard_dir: /content/zenteiq_maxtext_outputs/moe_deepseek_under_1b_gpu/tensorboard/
I0616 13:52:03.371435 138061349585536 pyconfig.py:457] Config param tensors_on_device: None
I0616 13:52:03.371478 138061349585536 pyconfig.py:457] Config param tensors_to_offload: None
I0616 13:52:03.371515 138061349585536 pyconfig.py:457] Config param test_batch_start_index: 0
I0616 13:52:03.371558 138061349585536 pyconfig.py:457] Config param tile_size_for_vit: 336
I0616 13:52:03.371602 138061349585536 pyconfig.py:457] Config param tokenize_eval_data: True
I0616 13:52:03.371639 138061349585536 pyconfig.py:457] Config param tokenize_train_data: True
I0616 13:52:03.371685 138061349585536 pyconfig.py:457] Config param tokenizer_path: deepseek-ai/DeepSeek-V2-Lite
I0616 13:52:03.371730 138061349585536 pyconfig.py:457] Config param tokenizer_type: TokenizerType.SENTENCEPIECE
I0616 13:52:03.371778 138061349585536 pyconfig.py:457] Config param topk_routing_group: -1
I0616 13:52:03.371823 138061349585536 pyconfig.py:457] Config param tpu_num_chips_to_profile_per_task: 1
I0616 13:52:03.371860 138061349585536 pyconfig.py:457] Config param tpu_num_sparse_core_tiles_to_trace: 1
I0616 13:52:03.371905 138061349585536 pyconfig.py:457] Config param tpu_num_sparse_cores_to_trace: 2
I0616 13:52:03.371943 138061349585536 pyconfig.py:457] Config param train_data_columns: ['text']
I0616 13:52:03.371990 138061349585536 pyconfig.py:457] Config param train_fraction: 1.0
I0616 13:52:03.372035 138061349585536 pyconfig.py:457] Config param train_image_column: image
I0616 13:52:03.372072 138061349585536 pyconfig.py:457] Config param train_micro_batch_size: -1
I0616 13:52:03.372117 138061349585536 pyconfig.py:457] Config param train_split: train
I0616 13:52:03.372159 138061349585536 pyconfig.py:457] Config param trainable_parameters_mask: []
I0616 13:52:03.372203 138061349585536 pyconfig.py:457] Config param trainable_position_size: -1
I0616 13:52:03.372246 138061349585536 pyconfig.py:457] Config param trainer_devices_fraction: 0.5
I0616 13:52:03.372292 138061349585536 pyconfig.py:457] Config param upload_all_profiler_results: False
I0616 13:52:03.372350 138061349585536 pyconfig.py:457] Config param use_2d_fsdp_sharding: False
I0616 13:52:03.372393 138061349585536 pyconfig.py:457] Config param use_agentic_rollout: False
I0616 13:52:03.372437 138061349585536 pyconfig.py:457] Config param use_audio: False
I0616 13:52:03.372473 138061349585536 pyconfig.py:457] Config param use_audio_in_video: False
I0616 13:52:03.372499 138061349585536 pyconfig.py:457] Config param use_batch_split_schedule: False
I0616 13:52:03.372527 138061349585536 pyconfig.py:457] Config param use_chat_template: False
I0616 13:52:03.372553 138061349585536 pyconfig.py:457] Config param use_chunked_prefill: False
I0616 13:52:03.372579 138061349585536 pyconfig.py:457] Config param use_custom_sort_vjp: True
I0616 13:52:03.372605 138061349585536 pyconfig.py:457] Config param use_dpo: False
I0616 13:52:03.372631 138061349585536 pyconfig.py:457] Config param use_gather_mosaic_kernel: False
I0616 13:52:03.372659 138061349585536 pyconfig.py:457] Config param use_grpo: True
I0616 13:52:03.372705 138061349585536 pyconfig.py:457] Config param use_indexer: False
I0616 13:52:03.372743 138061349585536 pyconfig.py:457] Config param use_iota_embed: False
I0616 13:52:03.372770 138061349585536 pyconfig.py:457] Config param use_jax_splash: False
I0616 13:52:03.372796 138061349585536 pyconfig.py:457] Config param use_manual_quantization: False
I0616 13:52:03.372822 138061349585536 pyconfig.py:457] Config param use_max_logit_estimate: -1
I0616 13:52:03.372848 138061349585536 pyconfig.py:457] Config param use_mrope: False
I0616 13:52:03.372874 138061349585536 pyconfig.py:457] Config param use_multimodal: False
I0616 13:52:03.372899 138061349585536 pyconfig.py:457] Config param use_pathways: True
I0616 13:52:03.372925 138061349585536 pyconfig.py:457] Config param use_post_attn_norm: False
I0616 13:52:03.372950 138061349585536 pyconfig.py:457] Config param use_post_ffw_norm: False
I0616 13:52:03.372975 138061349585536 pyconfig.py:457] Config param use_qk_clip: False
I0616 13:52:03.373001 138061349585536 pyconfig.py:457] Config param use_qk_norm: False
I0616 13:52:03.373026 138061349585536 pyconfig.py:457] Config param use_qk_norm_in_gdn: True
I0616 13:52:03.373052 138061349585536 pyconfig.py:457] Config param use_qwix_quantization: False
I0616 13:52:03.373077 138061349585536 pyconfig.py:457] Config param use_ragged_attention: False
I0616 13:52:03.373103 138061349585536 pyconfig.py:457] Config param use_random_routing: False
I0616 13:52:03.373128 138061349585536 pyconfig.py:457] Config param use_replicator_service: False
I0616 13:52:03.373154 138061349585536 pyconfig.py:457] Config param use_ring_of_experts: False
I0616 13:52:03.373179 138061349585536 pyconfig.py:457] Config param use_sft: False
I0616 13:52:03.373205 138061349585536 pyconfig.py:457] Config param use_splash_scheduler: False
I0616 13:52:03.373231 138061349585536 pyconfig.py:457] Config param use_standalone_converter: False
I0616 13:52:03.373256 138061349585536 pyconfig.py:457] Config param use_tokamax_gmm: False
I0616 13:52:03.373281 138061349585536 pyconfig.py:457] Config param use_tokamax_splash: False
I0616 13:52:03.373319 138061349585536 pyconfig.py:457] Config param use_truncation: True
I0616 13:52:03.373356 138061349585536 pyconfig.py:457] Config param use_tunix_gradient_accumulation: False
I0616 13:52:03.373384 138061349585536 pyconfig.py:457] Config param use_untrainable_positional_embedding: False
I0616 13:52:03.373409 138061349585536 pyconfig.py:457] Config param use_vertex_tensorboard: False
I0616 13:52:03.373436 138061349585536 pyconfig.py:457] Config param using_pipeline_parallelism: False
I0616 13:52:03.373464 138061349585536 pyconfig.py:457] Config param v_head_dim: 128
I0616 13:52:03.373490 138061349585536 pyconfig.py:457] Config param v_norm_with_scale: True
I0616 13:52:03.373517 138061349585536 pyconfig.py:457] Config param value_proj: RematLocation.REMAT
I0616 13:52:03.373546 138061349585536 pyconfig.py:457] Config param vertex_tensorboard_project: 
I0616 13:52:03.373572 138061349585536 pyconfig.py:457] Config param vertex_tensorboard_region: 
I0616 13:52:03.373598 138061349585536 pyconfig.py:457] Config param video_path: 
I0616 13:52:03.373620 138061349585536 pyconfig.py:457] Config param video_placeholder: <|video|>
I0616 13:52:03.373643 138061349585536 pyconfig.py:457] Config param vision_output_dim_for_vit: 4096
I0616 13:52:03.373665 138061349585536 pyconfig.py:457] Config param vision_output_length: -1
I0616 13:52:03.373690 138061349585536 pyconfig.py:457] Config param vllm_additional_config: {}
I0616 13:52:03.373721 138061349585536 pyconfig.py:457] Config param vllm_hf_config_path: 
I0616 13:52:03.373754 138061349585536 pyconfig.py:457] Config param vllm_hf_overrides: {}
I0616 13:52:03.373789 138061349585536 pyconfig.py:457] Config param vllm_load_format: dummy
I0616 13:52:03.373815 138061349585536 pyconfig.py:457] Config param vocab_size: 102400
I0616 13:52:03.373849 138061349585536 pyconfig.py:457] Config param warmup_steps_fraction: 0.1
I0616 13:52:03.373889 138061349585536 pyconfig.py:457] Config param weight_dtype: bfloat16
I0616 13:52:03.373945 138061349585536 pyconfig.py:457] Config param weight_quantization_calibration_method: absmax
I0616 13:52:03.373981 138061349585536 pyconfig.py:457] Config param weight_sparsity_m: None
I0616 13:52:03.374021 138061349585536 pyconfig.py:457] Config param weight_sparsity_n: None
I0616 13:52:03.374061 138061349585536 pyconfig.py:457] Config param weight_sparsity_start_step: 50
I0616 13:52:03.374107 138061349585536 pyconfig.py:457] Config param weight_sparsity_update_step: 10
I0616 13:52:03.374150 138061349585536 pyconfig.py:457] Config param wi_tile_dlhs_batch_seq: 512
I0616 13:52:03.374195 138061349585536 pyconfig.py:457] Config param wi_tile_dlhs_embed_dim: 1024
I0616 13:52:03.374242 138061349585536 pyconfig.py:457] Config param wi_tile_dlhs_mlp_dim: 1024
I0616 13:52:03.374285 138061349585536 pyconfig.py:457] Config param wi_tile_drhs_batch_seq: 512
I0616 13:52:03.374342 138061349585536 pyconfig.py:457] Config param wi_tile_drhs_embed_dim: 1024
I0616 13:52:03.374388 138061349585536 pyconfig.py:457] Config param wi_tile_drhs_mlp_dim: 1024
I0616 13:52:03.374433 138061349585536 pyconfig.py:457] Config param wi_tile_fwd_batch_seq: 512
I0616 13:52:03.374473 138061349585536 pyconfig.py:457] Config param wi_tile_fwd_embed_dim: 1024
I0616 13:52:03.374512 138061349585536 pyconfig.py:457] Config param wi_tile_fwd_mlp_dim: 1024
I0616 13:52:03.374562 138061349585536 pyconfig.py:457] Config param wo_tile_dlhs_batch_seq: 512
I0616 13:52:03.374601 138061349585536 pyconfig.py:457] Config param wo_tile_dlhs_embed_dim: 1024
I0616 13:52:03.374638 138061349585536 pyconfig.py:457] Config param wo_tile_dlhs_mlp_dim: 1024
I0616 13:52:03.374683 138061349585536 pyconfig.py:457] Config param wo_tile_drhs_batch_seq: 512
I0616 13:52:03.374735 138061349585536 pyconfig.py:457] Config param wo_tile_drhs_embed_dim: 1024
I0616 13:52:03.374779 138061349585536 pyconfig.py:457] Config param wo_tile_drhs_mlp_dim: 1024
I0616 13:52:03.374822 138061349585536 pyconfig.py:457] Config param wo_tile_fwd_batch_seq: 512
I0616 13:52:03.374863 138061349585536 pyconfig.py:457] Config param wo_tile_fwd_embed_dim: 1024
I0616 13:52:03.374907 138061349585536 pyconfig.py:457] Config param wo_tile_fwd_mlp_dim: 1024
I0616 13:52:03.374955 138061349585536 pyconfig.py:457] Config param wsd_decay_steps_fraction: 0.1
I0616 13:52:03.374999 138061349585536 pyconfig.py:457] Config param wsd_decay_style: WsdDecayStyle.LINEAR
I0616 13:52:03.375047 138061349585536 pyconfig.py:457] Config param xprof_e2e_enable_fw_power_level_event: False
I0616 13:52:03.375092 138061349585536 pyconfig.py:457] Config param xprof_e2e_enable_fw_thermal_event: False
I0616 13:52:03.375135 138061349585536 pyconfig.py:457] Config param xprof_e2e_enable_fw_throttle_event: False
I0616 13:52:03.375178 138061349585536 pyconfig.py:457] Config param xprof_tpu_power_trace_level: 0
I0616 13:52:03.375211 138061349585536 pyconfig.py:457] Config param z_loss_multiplier: 0.0
I0616 13:52:03.376156 138061349585536 max_utils.py:804] System Information: Jax Version: 0.9.2
I0616 13:52:03.376244 138061349585536 max_utils.py:805] System Information: Jaxlib Version: 0.9.2
I0616 13:52:03.376324 138061349585536 max_utils.py:806] System Information: Jax Backend: PJRT C API
cuda 12090
I0616 13:52:03.376384 138061349585536 train_utils.py:350] WARNING: 'base_output_directory' might be pointing your local file system
I0616 13:52:03.376426 138061349585536 train_utils.py:361] WARNING: Sequence packing is essentially ignored for synthetic data. Please use a real dataset to use sequence packing.
I0616 13:52:03.376542 138061349585536 train.py:710] [DECOUPLED NO-OP] skipping cloud diagnostics wrapper.
I0616 13:52:04.509813 138061349585536 maxtext_utils.py:1655] Num_devices: 1, shape (1, 1, 1, 1, 1, 1, 1, 1, 1, 1, 1, 1)
I0616 13:52:04.510214 138061349585536 checkpointing.py:716] Setting up checkpoint logger...
I0616 13:52:04.510299 138061349585536 checkpointing.py:254] Checkpointing disabled, not creating checkpoint manager.
I0616 13:52:05.904977 138061349585536 checkpointing.py:704] No existing checkpoints found, not restoring checkpoint.
I0616 13:52:19.507622    3883 dump.cc:456] HloModule dump enabled with path prefix: , suffix: before_optimizations
I0616 13:52:19.680720    3883 dot_merger.cc:481] Merging Dots in computation: region_0.12
I0616 13:52:19.680948    3883 dot_merger.cc:481] Merging Dots in computation: region_55.96
I0616 13:52:19.681437    3883 dot_merger.cc:481] Merging Dots in computation: region_7.26
I0616 13:52:19.681716    3883 dot_merger.cc:481] Merging Dots in computation: region_27.73
E0616 13:52:26.262034    4009 cuda_timer.cc:87] Delay kernel timed out: measured time has sub-optimal accuracy. There may be a missing warmup execution, please investigate in Nsight Systems.
E0616 13:52:26.404501    4009 cuda_timer.cc:87] Delay kernel timed out: measured time has sub-optimal accuracy. There may be a missing warmup execution, please investigate in Nsight Systems.
I0616 13:52:43.180945 138061349585536 max_utils.py:795] Total memory size: 3.7 GB, Output size: 2.7 GB, Temp size: 1.0 GB, Argument size: 2.7 GB, Host temp size: 0.0 GB.
I0616 13:52:43.181840 138061349585536 max_utils.py:199] tensorboardX not available; using no-op SummaryWriter.
I0616 13:52:43.182221 138061349585536 metric_logger.py:303] number parameters: 0.478 billion
I0616 13:52:45.910231    3883 dot_merger.cc:481] Merging Dots in computation: region_0.12
I0616 13:52:45.910481    3883 dot_merger.cc:481] Merging Dots in computation: region_55.96
I0616 13:52:45.910917    3883 dot_merger.cc:481] Merging Dots in computation: region_7.26
I0616 13:52:45.911162    3883 dot_merger.cc:481] Merging Dots in computation: region_27.73
I0616 13:53:00.976362 138061349585536 max_utils.py:754] 
Memstats: After params initialized:
I0616 13:53:00.976544 138061349585536 max_utils.py:760] 	Using (GB) 2.67 / 59.44 (4.491925%) on cuda:0
I0616 13:53:01.387077 138061349585536 metric_logger.py:196] completed step: 0, seconds: 17.793, TFLOP/s/device: 0.002, Tokens/s/device: 1.798, total_weights: 32, loss: 11.936, lm_loss: 11.936, perplexity: 152641.203, moe_lb_loss: 0.000
I0616 13:53:01.388186 138061349585536 metric_logger.py:281] To see full metrics 'tensorboard --logdir=/content/zenteiq_maxtext_outputs/moe_deepseek_under_1b_gpu/tensorboard/'
I0616 13:53:01.399080 138061349585536 metric_logger.py:196] completed step: 1, seconds: 0.409, TFLOP/s/device: 0.109, Tokens/s/device: 78.163, total_weights: 32, loss: 11.936, lm_loss: 11.936, perplexity: 152641.203, moe_lb_loss: 0.000
I0616 13:53:01.400052 138061349585536 metric_logger.py:281] To see full metrics 'tensorboard --logdir=/content/zenteiq_maxtext_outputs/moe_deepseek_under_1b_gpu/tensorboard/'
I0616 13:53:01.416340 138061349585536 metric_logger.py:196] completed step: 2, seconds: 0.010, TFLOP/s/device: 4.389, Tokens/s/device: 3159.558, total_weights: 32, loss: 11.885, lm_loss: 11.885, perplexity: 145130.328, moe_lb_loss: 0.000
I0616 13:53:01.417278 138061349585536 metric_logger.py:281] To see full metrics 'tensorboard --logdir=/content/zenteiq_maxtext_outputs/moe_deepseek_under_1b_gpu/tensorboard/'
I0616 13:53:01.433703 138061349585536 metric_logger.py:196] completed step: 3, seconds: 0.012, TFLOP/s/device: 3.850, Tokens/s/device: 2771.523, total_weights: 32, loss: 11.680, lm_loss: 11.680, perplexity: 118167.594, moe_lb_loss: 0.000
I0616 13:53:01.435097 138061349585536 metric_logger.py:281] To see full metrics 'tensorboard --logdir=/content/zenteiq_maxtext_outputs/moe_deepseek_under_1b_gpu/tensorboard/'
I0616 13:53:01.451061 138061349585536 metric_logger.py:196] completed step: 4, seconds: 0.017, TFLOP/s/device: 2.568, Tokens/s/device: 1848.749, total_weights: 32, loss: 11.042, lm_loss: 11.042, perplexity: 62419.301, moe_lb_loss: 0.000
I0616 13:53:01.452019 138061349585536 metric_logger.py:281] To see full metrics 'tensorboard --logdir=/content/zenteiq_maxtext_outputs/moe_deepseek_under_1b_gpu/tensorboard/'
I0616 13:53:01.468327 138061349585536 metric_logger.py:196] completed step: 5, seconds: 0.018, TFLOP/s/device: 2.526, Tokens/s/device: 1818.595, total_weights: 32, loss: 10.285, lm_loss: 10.285, perplexity: 29276.492, moe_lb_loss: 0.000
I0616 13:53:01.469248 138061349585536 metric_logger.py:281] To see full metrics 'tensorboard --logdir=/content/zenteiq_maxtext_outputs/moe_deepseek_under_1b_gpu/tensorboard/'
I0616 13:53:01.486046 138061349585536 metric_logger.py:196] completed step: 6, seconds: 0.017, TFLOP/s/device: 2.617, Tokens/s/device: 1884.015, total_weights: 32, loss: 9.543, lm_loss: 9.543, perplexity: 13943.442, moe_lb_loss: 0.000
I0616 13:53:01.487240 138061349585536 metric_logger.py:281] To see full metrics 'tensorboard --logdir=/content/zenteiq_maxtext_outputs/moe_deepseek_under_1b_gpu/tensorboard/'
I0616 13:53:01.503375 138061349585536 metric_logger.py:196] completed step: 7, seconds: 0.017, TFLOP/s/device: 2.567, Tokens/s/device: 1847.788, total_weights: 32, loss: 8.851, lm_loss: 8.851, perplexity: 6983.470, moe_lb_loss: 0.000
I0616 13:53:01.504578 138061349585536 metric_logger.py:281] To see full metrics 'tensorboard --logdir=/content/zenteiq_maxtext_outputs/moe_deepseek_under_1b_gpu/tensorboard/'
I0616 13:53:01.520625 138061349585536 metric_logger.py:196] completed step: 8, seconds: 0.017, TFLOP/s/device: 2.566, Tokens/s/device: 1847.575, total_weights: 32, loss: 8.205, lm_loss: 8.205, perplexity: 3659.166, moe_lb_loss: 0.000
I0616 13:53:01.521842 138061349585536 metric_logger.py:281] To see full metrics 'tensorboard --logdir=/content/zenteiq_maxtext_outputs/moe_deepseek_under_1b_gpu/tensorboard/'
I0616 13:53:01.537879 138061349585536 metric_logger.py:196] completed step: 9, seconds: 0.017, TFLOP/s/device: 2.572, Tokens/s/device: 1851.423, total_weights: 32, loss: 7.590, lm_loss: 7.590, perplexity: 1978.390, moe_lb_loss: 0.000
I0616 13:53:01.539086 138061349585536 metric_logger.py:281] To see full metrics 'tensorboard --logdir=/content/zenteiq_maxtext_outputs/moe_deepseek_under_1b_gpu/tensorboard/'
I0616 13:53:01.555205 138061349585536 metric_logger.py:196] completed step: 10, seconds: 0.018, TFLOP/s/device: 2.519, Tokens/s/device: 1813.442, total_weights: 32, loss: 6.995, lm_loss: 6.995, perplexity: 1091.593, moe_lb_loss: 0.000
I0616 13:53:01.556371 138061349585536 metric_logger.py:281] To see full metrics 'tensorboard --logdir=/content/zenteiq_maxtext_outputs/moe_deepseek_under_1b_gpu/tensorboard/'
I0616 13:53:01.570826 138061349585536 metric_logger.py:196] completed step: 11, seconds: 0.017, TFLOP/s/device: 2.626, Tokens/s/device: 1890.471, total_weights: 32, loss: 6.407, lm_loss: 6.407, perplexity: 605.789, moe_lb_loss: 0.000
I0616 13:53:01.572012 138061349585536 metric_logger.py:281] To see full metrics 'tensorboard --logdir=/content/zenteiq_maxtext_outputs/moe_deepseek_under_1b_gpu/tensorboard/'
I0616 13:53:01.586299 138061349585536 metric_logger.py:196] completed step: 12, seconds: 0.017, TFLOP/s/device: 2.619, Tokens/s/device: 1885.792, total_weights: 32, loss: 5.851, lm_loss: 5.851, perplexity: 347.723, moe_lb_loss: 0.000
I0616 13:53:01.587504 138061349585536 metric_logger.py:281] To see full metrics 'tensorboard --logdir=/content/zenteiq_maxtext_outputs/moe_deepseek_under_1b_gpu/tensorboard/'
I0616 13:53:01.601834 138061349585536 metric_logger.py:196] completed step: 13, seconds: 0.016, TFLOP/s/device: 2.825, Tokens/s/device: 2033.812, total_weights: 32, loss: 5.313, lm_loss: 5.313, perplexity: 202.906, moe_lb_loss: 0.000
I0616 13:53:01.602999 138061349585536 metric_logger.py:281] To see full metrics 'tensorboard --logdir=/content/zenteiq_maxtext_outputs/moe_deepseek_under_1b_gpu/tensorboard/'
I0616 13:53:01.617559 138061349585536 metric_logger.py:196] completed step: 14, seconds: 0.016, TFLOP/s/device: 2.824, Tokens/s/device: 2032.908, total_weights: 32, loss: 4.792, lm_loss: 4.792, perplexity: 120.540, moe_lb_loss: 0.000
I0616 13:53:01.618797 138061349585536 metric_logger.py:281] To see full metrics 'tensorboard --logdir=/content/zenteiq_maxtext_outputs/moe_deepseek_under_1b_gpu/tensorboard/'
I0616 13:53:01.632975 138061349585536 metric_logger.py:196] completed step: 15, seconds: 0.016, TFLOP/s/device: 2.860, Tokens/s/device: 2059.070, total_weights: 32, loss: 4.295, lm_loss: 4.295, perplexity: 73.299, moe_lb_loss: 0.000
I0616 13:53:01.634240 138061349585536 metric_logger.py:281] To see full metrics 'tensorboard --logdir=/content/zenteiq_maxtext_outputs/moe_deepseek_under_1b_gpu/tensorboard/'
I0616 13:53:01.648473 138061349585536 metric_logger.py:196] completed step: 16, seconds: 0.015, TFLOP/s/device: 2.889, Tokens/s/device: 2079.543, total_weights: 32, loss: 3.829, lm_loss: 3.829, perplexity: 46.020, moe_lb_loss: 0.000
I0616 13:53:01.649673 138061349585536 metric_logger.py:281] To see full metrics 'tensorboard --logdir=/content/zenteiq_maxtext_outputs/moe_deepseek_under_1b_gpu/tensorboard/'
I0616 13:53:01.663954 138061349585536 metric_logger.py:196] completed step: 17, seconds: 0.015, TFLOP/s/device: 2.872, Tokens/s/device: 2067.851, total_weights: 32, loss: 3.386, lm_loss: 3.386, perplexity: 29.555, moe_lb_loss: 0.000
I0616 13:53:01.665139 138061349585536 metric_logger.py:281] To see full metrics 'tensorboard --logdir=/content/zenteiq_maxtext_outputs/moe_deepseek_under_1b_gpu/tensorboard/'
I0616 13:53:01.679559 138061349585536 metric_logger.py:196] completed step: 18, seconds: 0.015, TFLOP/s/device: 2.878, Tokens/s/device: 2071.734, total_weights: 32, loss: 2.972, lm_loss: 2.972, perplexity: 19.529, moe_lb_loss: 0.000
I0616 13:53:01.680775 138061349585536 metric_logger.py:281] To see full metrics 'tensorboard --logdir=/content/zenteiq_maxtext_outputs/moe_deepseek_under_1b_gpu/tensorboard/'
I0616 13:53:01.695070 138061349585536 metric_logger.py:196] completed step: 19, seconds: 0.016, TFLOP/s/device: 2.804, Tokens/s/device: 2018.545, total_weights: 32, loss: 2.589, lm_loss: 2.589, perplexity: 13.314, moe_lb_loss: 0.000
I0616 13:53:01.696272 138061349585536 metric_logger.py:281] To see full metrics 'tensorboard --logdir=/content/zenteiq_maxtext_outputs/moe_deepseek_under_1b_gpu/tensorboard/'
I0616 13:53:01.710715 138061349585536 metric_logger.py:196] completed step: 20, seconds: 0.015, TFLOP/s/device: 2.929, Tokens/s/device: 2108.454, total_weights: 32, loss: 2.243, lm_loss: 2.243, perplexity: 9.419, moe_lb_loss: 0.000
I0616 13:53:01.711913 138061349585536 metric_logger.py:281] To see full metrics 'tensorboard --logdir=/content/zenteiq_maxtext_outputs/moe_deepseek_under_1b_gpu/tensorboard/'
I0616 13:53:01.726154 138061349585536 metric_logger.py:196] completed step: 21, seconds: 0.016, TFLOP/s/device: 2.805, Tokens/s/device: 2019.055, total_weights: 32, loss: 1.937, lm_loss: 1.937, perplexity: 6.935, moe_lb_loss: 0.000
I0616 13:53:01.727337 138061349585536 metric_logger.py:281] To see full metrics 'tensorboard --logdir=/content/zenteiq_maxtext_outputs/moe_deepseek_under_1b_gpu/tensorboard/'
I0616 13:53:01.741775 138061349585536 metric_logger.py:196] completed step: 22, seconds: 0.015, TFLOP/s/device: 2.909, Tokens/s/device: 2094.241, total_weights: 32, loss: 1.678, lm_loss: 1.678, perplexity: 5.355, moe_lb_loss: 0.000
I0616 13:53:01.743128 138061349585536 metric_logger.py:281] To see full metrics 'tensorboard --logdir=/content/zenteiq_maxtext_outputs/moe_deepseek_under_1b_gpu/tensorboard/'
I0616 13:53:01.757245 138061349585536 metric_logger.py:196] completed step: 23, seconds: 0.016, TFLOP/s/device: 2.827, Tokens/s/device: 2035.235, total_weights: 32, loss: 1.431, lm_loss: 1.431, perplexity: 4.184, moe_lb_loss: 0.000
I0616 13:53:01.758399 138061349585536 metric_logger.py:281] To see full metrics 'tensorboard --logdir=/content/zenteiq_maxtext_outputs/moe_deepseek_under_1b_gpu/tensorboard/'
I0616 13:53:01.772878 138061349585536 metric_logger.py:196] completed step: 24, seconds: 0.016, TFLOP/s/device: 2.795, Tokens/s/device: 2012.199, total_weights: 32, loss: 1.228, lm_loss: 1.228, perplexity: 3.413, moe_lb_loss: 0.000
I0616 13:53:01.774060 138061349585536 metric_logger.py:281] To see full metrics 'tensorboard --logdir=/content/zenteiq_maxtext_outputs/moe_deepseek_under_1b_gpu/tensorboard/'
I0616 13:53:01.788339 138061349585536 metric_logger.py:196] completed step: 25, seconds: 0.015, TFLOP/s/device: 2.931, Tokens/s/device: 2109.983, total_weights: 32, loss: 1.048, lm_loss: 1.048, perplexity: 2.853, moe_lb_loss: 0.000
I0616 13:53:01.789548 138061349585536 metric_logger.py:281] To see full metrics 'tensorboard --logdir=/content/zenteiq_maxtext_outputs/moe_deepseek_under_1b_gpu/tensorboard/'
I0616 13:53:01.803930 138061349585536 metric_logger.py:196] completed step: 26, seconds: 0.016, TFLOP/s/device: 2.835, Tokens/s/device: 2041.337, total_weights: 32, loss: 0.888, lm_loss: 0.888, perplexity: 2.430, moe_lb_loss: 0.000
I0616 13:53:01.805116 138061349585536 metric_logger.py:281] To see full metrics 'tensorboard --logdir=/content/zenteiq_maxtext_outputs/moe_deepseek_under_1b_gpu/tensorboard/'
I0616 13:53:01.819472 138061349585536 metric_logger.py:196] completed step: 27, seconds: 0.015, TFLOP/s/device: 2.941, Tokens/s/device: 2116.962, total_weights: 32, loss: 0.757, lm_loss: 0.757, perplexity: 2.132, moe_lb_loss: 0.000
I0616 13:53:01.820655 138061349585536 metric_logger.py:281] To see full metrics 'tensorboard --logdir=/content/zenteiq_maxtext_outputs/moe_deepseek_under_1b_gpu/tensorboard/'
I0616 13:53:01.835016 138061349585536 metric_logger.py:196] completed step: 28, seconds: 0.016, TFLOP/s/device: 2.846, Tokens/s/device: 2048.656, total_weights: 32, loss: 0.654, lm_loss: 0.654, perplexity: 1.923, moe_lb_loss: 0.000
I0616 13:53:01.836293 138061349585536 metric_logger.py:281] To see full metrics 'tensorboard --logdir=/content/zenteiq_maxtext_outputs/moe_deepseek_under_1b_gpu/tensorboard/'
I0616 13:53:01.850601 138061349585536 metric_logger.py:196] completed step: 29, seconds: 0.016, TFLOP/s/device: 2.867, Tokens/s/device: 2063.983, total_weights: 32, loss: 0.573, lm_loss: 0.573, perplexity: 1.773, moe_lb_loss: 0.000
I0616 13:53:01.851795 138061349585536 metric_logger.py:281] To see full metrics 'tensorboard --logdir=/content/zenteiq_maxtext_outputs/moe_deepseek_under_1b_gpu/tensorboard/'
I0616 13:53:01.866141 138061349585536 metric_logger.py:196] completed step: 30, seconds: 0.016, TFLOP/s/device: 2.839, Tokens/s/device: 2043.945, total_weights: 32, loss: 0.526, lm_loss: 0.526, perplexity: 1.692, moe_lb_loss: 0.000
I0616 13:53:01.867412 138061349585536 metric_logger.py:281] To see full metrics 'tensorboard --logdir=/content/zenteiq_maxtext_outputs/moe_deepseek_under_1b_gpu/tensorboard/'
I0616 13:53:01.881713 138061349585536 metric_logger.py:196] completed step: 31, seconds: 0.015, TFLOP/s/device: 2.875, Tokens/s/device: 2070.126, total_weights: 32, loss: 0.488, lm_loss: 0.488, perplexity: 1.628, moe_lb_loss: 0.000
I0616 13:53:01.882871 138061349585536 metric_logger.py:281] To see full metrics 'tensorboard --logdir=/content/zenteiq_maxtext_outputs/moe_deepseek_under_1b_gpu/tensorboard/'
I0616 13:53:01.897179 138061349585536 metric_logger.py:196] completed step: 32, seconds: 0.016, TFLOP/s/device: 2.841, Tokens/s/device: 2045.513, total_weights: 32, loss: 0.448, lm_loss: 0.448, perplexity: 1.566, moe_lb_loss: 0.000
I0616 13:53:01.898322 138061349585536 metric_logger.py:281] To see full metrics 'tensorboard --logdir=/content/zenteiq_maxtext_outputs/moe_deepseek_under_1b_gpu/tensorboard/'
I0616 13:53:01.912714 138061349585536 metric_logger.py:196] completed step: 33, seconds: 0.015, TFLOP/s/device: 2.888, Tokens/s/device: 2079.407, total_weights: 32, loss: 0.419, lm_loss: 0.419, perplexity: 1.521, moe_lb_loss: 0.000
I0616 13:53:01.913938 138061349585536 metric_logger.py:281] To see full metrics 'tensorboard --logdir=/content/zenteiq_maxtext_outputs/moe_deepseek_under_1b_gpu/tensorboard/'
I0616 13:53:01.928300 138061349585536 metric_logger.py:196] completed step: 34, seconds: 0.016, TFLOP/s/device: 2.810, Tokens/s/device: 2022.756, total_weights: 32, loss: 0.389, lm_loss: 0.389, perplexity: 1.475, moe_lb_loss: 0.000
I0616 13:53:01.929581 138061349585536 metric_logger.py:281] To see full metrics 'tensorboard --logdir=/content/zenteiq_maxtext_outputs/moe_deepseek_under_1b_gpu/tensorboard/'
I0616 13:53:01.943849 138061349585536 metric_logger.py:196] completed step: 35, seconds: 0.015, TFLOP/s/device: 2.912, Tokens/s/device: 2096.436, total_weights: 32, loss: 0.364, lm_loss: 0.364, perplexity: 1.439, moe_lb_loss: 0.000
I0616 13:53:01.945029 138061349585536 metric_logger.py:281] To see full metrics 'tensorboard --logdir=/content/zenteiq_maxtext_outputs/moe_deepseek_under_1b_gpu/tensorboard/'
I0616 13:53:01.959395 138061349585536 metric_logger.py:196] completed step: 36, seconds: 0.016, TFLOP/s/device: 2.834, Tokens/s/device: 2040.426, total_weights: 32, loss: 0.340, lm_loss: 0.340, perplexity: 1.405, moe_lb_loss: 0.000
I0616 13:53:01.960592 138061349585536 metric_logger.py:281] To see full metrics 'tensorboard --logdir=/content/zenteiq_maxtext_outputs/moe_deepseek_under_1b_gpu/tensorboard/'
I0616 13:53:01.975079 138061349585536 metric_logger.py:196] completed step: 37, seconds: 0.015, TFLOP/s/device: 2.877, Tokens/s/device: 2071.197, total_weights: 32, loss: 0.325, lm_loss: 0.325, perplexity: 1.384, moe_lb_loss: 0.000
I0616 13:53:01.976247 138061349585536 metric_logger.py:281] To see full metrics 'tensorboard --logdir=/content/zenteiq_maxtext_outputs/moe_deepseek_under_1b_gpu/tensorboard/'
I0616 13:53:01.990517 138061349585536 metric_logger.py:196] completed step: 38, seconds: 0.016, TFLOP/s/device: 2.804, Tokens/s/device: 2018.927, total_weights: 32, loss: 0.307, lm_loss: 0.307, perplexity: 1.359, moe_lb_loss: 0.000
I0616 13:53:01.991729 138061349585536 metric_logger.py:281] To see full metrics 'tensorboard --logdir=/content/zenteiq_maxtext_outputs/moe_deepseek_under_1b_gpu/tensorboard/'
I0616 13:53:02.006119 138061349585536 metric_logger.py:196] completed step: 39, seconds: 0.016, TFLOP/s/device: 2.835, Tokens/s/device: 2041.077, total_weights: 32, loss: 0.301, lm_loss: 0.301, perplexity: 1.351, moe_lb_loss: 0.000
I0616 13:53:02.007318 138061349585536 metric_logger.py:281] To see full metrics 'tensorboard --logdir=/content/zenteiq_maxtext_outputs/moe_deepseek_under_1b_gpu/tensorboard/'
I0616 13:53:02.021646 138061349585536 metric_logger.py:196] completed step: 40, seconds: 0.015, TFLOP/s/device: 2.938, Tokens/s/device: 2115.423, total_weights: 32, loss: 0.293, lm_loss: 0.293, perplexity: 1.340, moe_lb_loss: 0.000
I0616 13:53:02.022878 138061349585536 metric_logger.py:281] To see full metrics 'tensorboard --logdir=/content/zenteiq_maxtext_outputs/moe_deepseek_under_1b_gpu/tensorboard/'
I0616 13:53:02.037212 138061349585536 metric_logger.py:196] completed step: 41, seconds: 0.016, TFLOP/s/device: 2.802, Tokens/s/device: 2017.146, total_weights: 32, loss: 0.288, lm_loss: 0.288, perplexity: 1.334, moe_lb_loss: 0.000
I0616 13:53:02.038460 138061349585536 metric_logger.py:281] To see full metrics 'tensorboard --logdir=/content/zenteiq_maxtext_outputs/moe_deepseek_under_1b_gpu/tensorboard/'
I0616 13:53:02.052835 138061349585536 metric_logger.py:196] completed step: 42, seconds: 0.015, TFLOP/s/device: 2.918, Tokens/s/device: 2100.565, total_weights: 32, loss: 0.283, lm_loss: 0.283, perplexity: 1.328, moe_lb_loss: 0.000
I0616 13:53:02.054011 138061349585536 metric_logger.py:281] To see full metrics 'tensorboard --logdir=/content/zenteiq_maxtext_outputs/moe_deepseek_under_1b_gpu/tensorboard/'
I0616 13:53:02.068298 138061349585536 metric_logger.py:196] completed step: 43, seconds: 0.016, TFLOP/s/device: 2.851, Tokens/s/device: 2052.598, total_weights: 32, loss: 0.278, lm_loss: 0.278, perplexity: 1.320, moe_lb_loss: 0.000
I0616 13:53:02.069629 138061349585536 metric_logger.py:281] To see full metrics 'tensorboard --logdir=/content/zenteiq_maxtext_outputs/moe_deepseek_under_1b_gpu/tensorboard/'
I0616 13:53:02.083853 138061349585536 metric_logger.py:196] completed step: 44, seconds: 0.016, TFLOP/s/device: 2.782, Tokens/s/device: 2003.130, total_weights: 32, loss: 0.273, lm_loss: 0.273, perplexity: 1.313, moe_lb_loss: 0.000
I0616 13:53:02.085398 138061349585536 metric_logger.py:281] To see full metrics 'tensorboard --logdir=/content/zenteiq_maxtext_outputs/moe_deepseek_under_1b_gpu/tensorboard/'
I0616 13:53:02.099363 138061349585536 metric_logger.py:196] completed step: 45, seconds: 0.016, TFLOP/s/device: 2.840, Tokens/s/device: 2044.467, total_weights: 32, loss: 0.270, lm_loss: 0.270, perplexity: 1.310, moe_lb_loss: 0.000
I0616 13:53:02.100455 138061349585536 metric_logger.py:281] To see full metrics 'tensorboard --logdir=/content/zenteiq_maxtext_outputs/moe_deepseek_under_1b_gpu/tensorboard/'
I0616 13:53:02.114783 138061349585536 metric_logger.py:196] completed step: 46, seconds: 0.016, TFLOP/s/device: 2.732, Tokens/s/device: 1966.931, total_weights: 32, loss: 0.267, lm_loss: 0.267, perplexity: 1.306, moe_lb_loss: 0.000
I0616 13:53:02.115785 138061349585536 metric_logger.py:281] To see full metrics 'tensorboard --logdir=/content/zenteiq_maxtext_outputs/moe_deepseek_under_1b_gpu/tensorboard/'
I0616 13:53:02.130286 138061349585536 metric_logger.py:196] completed step: 47, seconds: 0.015, TFLOP/s/device: 2.977, Tokens/s/device: 2143.479, total_weights: 32, loss: 0.267, lm_loss: 0.267, perplexity: 1.306, moe_lb_loss: 0.000
I0616 13:53:02.131283 138061349585536 metric_logger.py:281] To see full metrics 'tensorboard --logdir=/content/zenteiq_maxtext_outputs/moe_deepseek_under_1b_gpu/tensorboard/'
I0616 13:53:02.145833 138061349585536 metric_logger.py:196] completed step: 48, seconds: 0.015, TFLOP/s/device: 2.927, Tokens/s/device: 2107.065, total_weights: 32, loss: 0.265, lm_loss: 0.265, perplexity: 1.303, moe_lb_loss: 0.000
I0616 13:53:02.146831 138061349585536 metric_logger.py:281] To see full metrics 'tensorboard --logdir=/content/zenteiq_maxtext_outputs/moe_deepseek_under_1b_gpu/tensorboard/'
I0616 13:53:02.161253 138061349585536 metric_logger.py:196] completed step: 49, seconds: 0.015, TFLOP/s/device: 2.969, Tokens/s/device: 2137.466, total_weights: 32, loss: 0.262, lm_loss: 0.262, perplexity: 1.299, moe_lb_loss: 0.000
I0616 13:53:02.162230 138061349585536 metric_logger.py:281] To see full metrics 'tensorboard --logdir=/content/zenteiq_maxtext_outputs/moe_deepseek_under_1b_gpu/tensorboard/'
[DECOUPLED NO-OP] gcs_storage: using stubs.
[DECOUPLED NO-OP] mldiagnostics: using stub.
[DECOUPLED NO-OP] mldiagnostics: using stub.
[DECOUPLED NO-OP] mldiagnostics: using stub.
[DECOUPLED NO-OP] workload_monitor: using stub.
[DECOUPLED NO-OP] vertex_tensorboard: using stub.
Per train step:
 Total TFLOPs: 0.04 
 split as 99.85% learnable weight flops and 0.15% attention flops
